"id","nome","categoria","tipologia","rarita","descrizione","note_master","data_modifica","status"
"1","Acqua pura","ingrediente","alimentare","C","Fluido trasparente, fonte di vita e simbolo di purezza",,"2024-03-05 01:30:33","nascosto"
"2","Barbabietola","ingrediente","alimentare","C","Tubero dolce dal colore rosso scuro",,"2024-03-05 01:30:33","nascosto"
"3","Carne bianca","ingrediente","alimentare","C","Carne bianca di animali come conigli, galline, tacchini",,"2024-03-05 01:30:33","nascosto"
"5","Cereali","ingrediente","alimentare","C","Piante coltivate, sono i nutrienti principali",,"2024-03-05 01:30:33","nascosto"
"6","Latte","ingrediente","alimentare","C","Alimento liquido bianco, corposo al palato",,"2024-03-05 01:30:33","nascosto"
"7","Patate","ingrediente","alimentare","C","Tuberi commestibili che crescono sotto terra",,"2024-03-05 01:30:33","nascosto"
"8","Pesce","ingrediente","alimentare","C","Animale marino facile da trovare o allevare",,"2024-03-05 01:30:33","nascosto"
"10","Verdura","ingrediente","alimentare","C","Piante a foglia verde o radice commestibili, di vario tipo",,"2024-03-05 01:30:33","nascosto"
"11","Burro","ingrediente","alimentare","NC","Parte grassa derivata dal latte vaccino",,"2024-03-05 01:30:33","nascosto"
"12","Carne selvatica","ingrediente","alimentare","NC","Carne bianca di selvaggina come anatre, fagiani, lepri, quaglie",,"2024-03-05 01:30:33","nascosto"
"13","Formaggio","ingrediente","alimentare","NC","Prodotto della lavorazione casearia del latte cagliato",,"2024-03-05 01:30:33","nascosto"
"15","Pesce selvatico","ingrediente","alimentare","NC","Animale marino d’altura, che vive a grandi profondità",,"2024-03-05 01:30:33","nascosto"
"17","Uovo","ingrediente","alimentare","NC","Ovulo non fecondato di animale, solitamente di gallina",,"2024-03-05 01:30:33","nascosto"
"18","Zucchero","ingrediente","alimentare","NC","Sostanza dolce estratta dalla canna da zucchero o dalla barbabietola",,"2024-03-05 01:30:33","nascosto"
"19","Carne pregiata","ingrediente","alimentare","R","Carne rossa di selvaggina come caprioli, cervi, cinghiali",,"2024-03-05 01:30:33","nascosto"
"20","Frutti di mare","ingrediente","alimentare","R","Conchiglie, molluschi e crostacei marini pregiati",,"2024-03-05 01:30:33","nascosto"
"21","Miele","ingrediente","alimentare","R","Alimento dolce prodotto dalle api",,"2024-03-05 01:30:33","nascosto"
"24","Zafferano","ingrediente","alimentare","R","Spezia costosa e gialla, ottenuta da fiori color violetto",,"2024-03-05 01:30:33","nascosto"
"25","Carne d'orso","ingrediente","alimentare","L","Carne pregiatissima, ricca e robusta",,"2024-03-05 01:30:33","nascosto"
"26","Fave di cacao","ingrediente","alimentare","L","Semi fermentati ed essiccati dell’albero di cacao",,"2024-03-05 01:30:33","nascosto"
"27","Abaca","ingrediente","derivato animale","C","Fibra ottima per le corde delle navi",,"2024-03-05 01:30:33","nascosto"
"28","Artiglio","ingrediente","derivato animale","C","Unghia di animale, solitamente robusta",,"2024-03-05 01:30:33","nascosto"
"30","Cuoio","ingrediente","derivato animale","C","Pelle trattata con calore per renderla resistente",,"2024-03-05 01:30:33","nascosto"
"31","Lana","ingrediente","derivato animale","C","Fibra morbida derivata dal pelo di pecore o altri animali",,"2024-03-05 01:30:33","nascosto"
"33","Pelle conciata","ingrediente","derivato animale","C","Pelle trattata per renderla resistente e flessibile",,"2024-03-05 01:30:33","nascosto"
"34","Piuma semplice","ingrediente","derivato animale","C","Piuma appartenente ad un uccello comune",,"2024-03-05 01:30:33","nascosto"
"35","Squama","ingrediente","derivato animale","C","Struttura dura e piatta che protegge la pelle di alcune creature",,"2024-03-05 01:30:33","nascosto"
"36","Tussa","ingrediente","derivato animale","C","Fibra povera ma adattabile, ottima per tutti gli utilizzi",,"2024-03-05 01:30:33","nascosto"
"37","Alpachia","ingrediente","derivato animale","NC","Lana intricata e resistente ricavata da animali che sputano",,"2024-03-05 01:30:33","nascosto"
"38","Cuoio bollito","ingrediente","derivato animale","NC","Cuoio trattato, durevole e flessibile",,"2024-03-05 01:30:33","nascosto"
"40","Lana nera","ingrediente","derivato animale","NC","Fibra morbida di pecora, ma nera",,"2024-03-05 01:30:33","nascosto"
"41","Mohair","ingrediente","derivato animale","NC","Fibra ricavata dalle capre e dai caproni selvatici",,"2024-03-05 01:30:33","nascosto"
"43","Pelle di serpente","ingrediente","derivato animale","NC","Pelle squamata, ottima per borse e calzari",,"2024-03-05 01:30:33","nascosto"
"44","Pelliccia","ingrediente","derivato animale","NC","Pelle animale con pelo utilizzata per vestiti o accessori",,"2024-03-05 01:30:33","nascosto"
"45","Caribinia","ingrediente","derivato animale","R","Pelliccia corta e calda ricavata da quadrupedi adattati al freddo",,"2024-03-05 01:30:33","nascosto"
"46","Crestoria","ingrediente","derivato animale","R","Cresta di rettile con punte e membrana connettiva",,"2024-03-05 01:30:33","nascosto"
"47","Lonterio","ingrediente","derivato animale","R","Pelliccia corta idrofoba",,"2024-03-05 01:30:33","nascosto"
"50","Seta","ingrediente","derivato animale","R","Filamento prodotto dai bachi da seta utilizzato per tessuti e abbigliamento",,"2024-03-05 01:30:33","nascosto"
"51","Seta invisibile","ingrediente","derivato animale","L","Filato così leggero che sembra di non averlo addosso",,"2024-03-05 01:30:33","nascosto"
"52","Squame di titanoboa","ingrediente","derivato animale","L","Grandi squame provenienti da una creatura serpentiforme mostruosa",,"2024-03-05 01:30:33","nascosto"
"53","Argilla","ingrediente","edilizia","C","Materiale terroso utilizzato per modellare oggetti",,"2024-03-05 01:30:33","nascosto"
"55","Corda","ingrediente","edilizia","C","Filo intrecciato per legare e appendere oggetti",,"2024-03-05 01:30:33","nascosto"
"56","Ghiaia","ingrediente","edilizia","C","Piccoli sassolini utili a creare un pattern o a ricoprire delle strade",,"2024-03-05 01:30:33","nascosto"
"57","Granito","ingrediente","edilizia","C","Roccia ignea, elegante e resistente",,"2024-03-05 01:30:33","nascosto"
"59","Legno comune","ingrediente","edilizia","C","Materiale naturale, facile da trovare in giro",,"2024-03-05 01:30:33","nascosto"
"60","Pietra","ingrediente","edilizia","C","Materiale semplice, ma solido e duro",,"2024-03-05 01:30:33","nascosto"
"61","Sabbia","ingrediente","edilizia","C","Piccoli granelli di roccia utilizzati per riempimento e costruzione",,"2024-03-05 01:30:33","nascosto"
"62","Vetro spesso","ingrediente","edilizia","C","Vetro depurato, trasparente e robusto",,"2024-03-05 01:30:33","nascosto"
"63","Ardesia","ingrediente","edilizia","NC","Pietra scura levigata, perfetta per pavimenti duraturi",,"2024-03-05 01:30:33","nascosto"
"64","Arenaria","ingrediente","edilizia","NC","Roccia leggera e porosa, ideale per decorare",,"2024-03-05 01:30:33","nascosto"
"65","Calcite in polvere","ingrediente","edilizia","NC","Polvere bianca ottenuta dalla macinazione della calcite",,"2024-03-05 01:30:33","nascosto"
"67","Legno duro","ingrediente","edilizia","NC","Materiale naturale di alberi particolari",,"2024-03-05 01:30:33","nascosto"
"68","Pece","ingrediente","edilizia","NC","Sostanza viscosa e nera utilizzata come sigillante e adesivo",,"2024-03-05 01:30:33","nascosto"
"69","Pietra liscia","ingrediente","edilizia","NC","Una pietra più ricercata, adatta a determinate lavorazioni",,"2024-03-05 01:30:33","nascosto"
"71","Legno pregiato","ingrediente","edilizia","R","Materiale naturale di un albero difficile da trovare",,"2024-03-05 01:30:33","nascosto"
"72","Marmo bianco","ingrediente","edilizia","R","Pietra utilizzata per rivestimenti e sculture",,"2024-03-05 01:30:33","nascosto"
"74","Resina liquida","ingrediente","edilizia","R","Sostanza liquida densa che tende ad indurirsi all’aria",,"2024-03-05 01:30:33","nascosto"
"76","Vetro colorato","ingrediente","edilizia","R","Trasparente ma vivace, tinge i raggi di sole che vi filtrano attraverso",,"2024-03-05 01:30:33","nascosto"
"77","Marmo Sanguigno","ingrediente","edilizia","L","Il marmo più lussuoso ed elegante, caratterizzato da venature rosse",,"2024-03-05 01:30:33","nascosto"
"78","Roccia di Luna","ingrediente","edilizia","L","Secondo le leggende, deriva da pezzi di astri caduti dal cielo",,"2024-03-05 01:30:33","nascosto"
"79","Cardo","ingrediente","erba","C","Pianta spinosa dal fiore viola",,"2024-03-05 01:30:33","nascosto"
"80","Dionea","ingrediente","erba","C","Pianta carnivora dalle foglie dentate mobili",,"2024-03-05 01:30:33","nascosto"
"81","Edera","ingrediente","erba","C","Rampicante con foglie a forma di cuore",,"2024-03-05 01:30:33","nascosto"
"83","Gracidea","ingrediente","erba","C","Erba molto comune e banale che cresce vicina ai ruscelli",,"2024-03-05 01:30:33","nascosto"
"84","Litaria","ingrediente","erba","C","Muschio particolare che cresce sotto le rocce",,"2024-03-05 01:30:33","nascosto"
"85","Ortica","ingrediente","erba","C","Pianta urticante dalle foglie a forma di freccia",,"2024-03-05 01:30:33","nascosto"
"87","Sambuco","ingrediente","erba","C","Arbusto dai fiori bianchi e dalle bacche nere",,"2024-03-05 01:30:33","nascosto"
"88","Valeriana","ingrediente","erba","C","Erba sedativa dalle proprietà rilassanti",,"2024-03-05 01:30:33","nascosto"
"89","Biancospino","ingrediente","erba","NC","Foglia e bacche di arbusto spinoso, simbolo di protezione",,"2024-03-05 01:30:33","nascosto"
"90","Eruca sativa","ingrediente","erba","NC","Erba piccante dalle foglie verdi e fiorellini bianchi",,"2024-03-05 01:30:33","nascosto"
"92","Iperico","ingrediente","erba","NC","Erba gialla dalla linfa lenitiva",,"2024-03-05 01:30:33","nascosto"
"93","Rosa","ingrediente","erba","NC","Fiore delicato e profumato simbolo d’amore",,"2024-03-05 01:30:33","nascosto"
"94","Solimania","ingrediente","erba","NC","Erba che fa spuntare solo cinque foglie, cresce solitaria tra le rocce",,"2024-03-05 01:30:33","nascosto"
"96","Verbena","ingrediente","erba","NC","Erba aromatica con proprietà magiche",,"2024-03-05 01:30:33","nascosto"
"98","Grande carnivora","ingrediente","erba","R","Pianta carnivora gigante dalle fauci spalancate",,"2024-03-05 01:30:33","nascosto"
"99","Orchidea sotterranea","ingrediente","erba","R","Fiore che cresce solo nelle caverne oscure",,"2024-03-05 01:30:33","nascosto"
"100","Palma suicida","ingrediente","erba","R","Foglie e frutti di albero che tende a prosciugarsi e distruggersi",,"2024-03-05 01:30:33","nascosto"
"102","Ulchirio","ingrediente","erba","R","Stramba erba rossa dalle foglie tonde e grasse",,"2024-03-05 01:30:33","nascosto"
"103","Fiore cadavere","ingrediente","erba","L","Grosso fiore con fragranza nauseante e dolciastra",,"2024-03-05 01:30:33","nascosto"
"104","Mandragora","ingrediente","erba","L","Radice antropomorfa simbolo della magia",,"2024-03-05 01:30:33","nascosto"
"106","Castagno","ingrediente","erba officinale","C","Foglia e frutti commestibili di albero dal legno pregiato. Effetti officinali: analgesico, tonificante, antitussivo.",,"2024-03-05 01:30:33","nascosto"
"108","Echinacea","ingrediente","erba officinale","C","Erba dalle proprietà immunostimolanti. Effetti officinali: antifungino, antipiretico, emetico, lassativo.",,"2024-03-05 01:30:33","nascosto"
"109","Felce femmina","ingrediente","erba officinale","C","Pianta verde priva di fiorescenza. Effetti officinali: antispastico, sedativo, antifungino, antiparassitario.",,"2024-03-05 01:30:33","nascosto"
"110","Gramigna","ingrediente","erba officinale","C","Erba selvatica che cresce rapidamente. Effetti officinali: lassativo, stimolante, antiparassitario, digestivo.",,"2024-03-05 01:30:33","nascosto"
"111","Lavanda","ingrediente","erba officinale","C","Erba dalle infiorescenze color lilla. Effetti officinali: espettorante, antipiretico, antispastico.",,"2024-03-05 01:30:33","nascosto"
"112","Parietaria","ingrediente","erba officinale","C","Erba utilizzata per le infezioni delle vie. Effetti officinali: lenitivo, diuretico, sedativo, digestivo.",,"2024-03-05 01:30:33","nascosto"
"113","Stramonio","ingrediente","erba officinale","C","Pianta velenosa con fiori bianchi o viola. Effetti officinali: analgesico, emetico, stimolante, diuretico.",,"2024-03-05 01:30:33","nascosto"
"114","Trifoglio","ingrediente","erba officinale","C","Erba con tre foglioline su stelo. Effetti officinali: antitussivo, tonificante, espettorante, lenitivo.",,"2024-03-05 01:30:33","nascosto"
"115","Arnica","ingrediente","erba officinale","NC","Fiore dall’aspetto delicato e dai petali gialli. Effetti officinali: analgesico, antipiretico, sedativo.",,"2024-03-05 01:30:33","nascosto"
"117","Enotera","ingrediente","erba officinale","NC","Pianta con fiori gialli che si aprono di notte. Effetti officinali: lenitivo, antiparassitario, antifungino.",,"2024-03-05 01:30:33","nascosto"
"118","Euforbia","ingrediente","erba officinale","NC","Pianta velenosa con fiori gialli o rossi. Effetti officinali: emetico, diuretico, antispastico.",,"2024-03-05 01:30:33","nascosto"
"119","Malva","ingrediente","erba officinale","NC","Pianta dalle infiorescenze petaliformi lilla. Effetti officinali: digestivo, lenitivo, lassativo.",,"2024-03-05 01:30:33","nascosto"
"121","Serenoa","ingrediente","erba officinale","NC","Pianta con frutti utilizzata per problemi maschili. Effetti officinali: tonificante, stimolante.",,"2024-03-05 01:30:33","nascosto"
"122","Tormentilla","ingrediente","erba officinale","NC","Erba con fiori gialli utilizzata per la guarigione. Effetti officinali: espettorante, antitussivo.",,"2024-03-05 01:30:33","nascosto"
"123","Agrimonia","ingrediente","erba officinale","R","Erba dalle proprietà curative e protettive. Effetti officinali: lenitivo, antipiretico, sedativo, espettorante.",,"2024-03-05 01:30:33","nascosto"
"125","Centaurea","ingrediente","erba officinale","R","Fiore dai petali blu utilizzato per la guarigione. Effetti officinali: digestivo, stimolante, antispastico.",,"2024-03-05 01:30:33","nascosto"
"127","Laserpizio","ingrediente","erba officinale","R","Erba con tantissimi fiori bianchi. Effetti officinali: analgesico, antifungino, antiparassitario, tonificante.",,"2024-03-05 01:30:33","nascosto"
"128","Passiflora","ingrediente","erba officinale","R","Fiore tropicale con petali colorati e vistosi. Effetti officinali: diuretico, emetico, antitussivo, lassativo.",,"2024-03-05 01:30:33","nascosto"
"129","Persicaria selvaggia","ingrediente","erba officinale","L","Erba selvatica con fiori rosa o rossi, presenta molte spine. Effetti officinali: qualsiasi.",,"2024-03-05 01:30:33","nascosto"
"130","Rhodiola","ingrediente","erba officinale","L","Pianta con fiori gialli o rosa dai petali a forma di cuore. Effetti officinali: qualsiasi.",,"2024-03-05 01:30:33","nascosto"
"131","Acciaio comune","ingrediente","minerali","C","Metallo duro e resistente",,"2024-03-05 01:30:33","nascosto"
"133","Bronzo","ingrediente","minerali","C","Resistente lega di rame e stagno dalla colorazione calda",,"2024-03-05 01:30:33","nascosto"
"134","Chelinite","ingrediente","minerali","C","Minerale naturale ricavato dalla sedimentazione di crostacei e molluschi",,"2024-03-05 01:30:33","nascosto"
"135","Ferro grezzo","ingrediente","minerali","C","Metallo comune allo stato naturale, duro e resistente",,"2024-03-05 01:30:33","nascosto"
"136","Pirite","ingrediente","minerali","C","Minerale simile all’oro, chiamato “oro degli sciocchi”.",,"2024-03-05 01:30:33","nascosto"
"138","Silicio","ingrediente","minerali","C","Minerale fondamentale per l''artigianato",,"2024-03-05 01:30:33","nascosto"
"139","Stagno","ingrediente","minerali","C","Metallo duttile, usato soprattutto per saldare",,"2024-03-05 01:30:33","nascosto"
"140","Zinco","ingrediente","minerali","C","Metallo facilmente lavorabile dai riflessi argentati",,"2024-03-05 01:30:33","nascosto"
"141","Acciaio damascato","ingrediente","minerali","NC","Metallo pregiato che mescola resistenza e bellezza",,"2024-03-05 01:30:33","nascosto"
"142","Cromantio","ingrediente","minerali","NC","Minerale apprezzato per la sua varietà di colori",,"2024-03-05 01:30:33","nascosto"
"143","Ferro puro","ingrediente","minerali","NC","Ferro grezzo ripulito di ogni impurità",,"2024-03-05 01:30:33","nascosto"
"144","Grafite","ingrediente","minerali","NC","Minerale grigio scuro e morbido",,"2024-03-05 01:30:33","nascosto"
"146","Onice","ingrediente","minerali","NC","Pietra di colore nero opaco dai riflessi spenti",,"2024-03-05 01:30:33","nascosto"
"148","Zelemio","ingrediente","minerali","NC","Estremamente resistente alla ruggine e all’usura",,"2024-03-05 01:30:33","nascosto"
"149","Acciaio ripiegato","ingrediente","minerali","R","Ottenuto da piegamenti molteplici dell’acciaio per una maggiore robustezza",,"2024-03-05 01:30:33","nascosto"
"151","Ottone","ingrediente","minerali","R","Lega di rame e zinco utilizzata per creare oggetti decorativi",,"2024-03-05 01:30:33","nascosto"
"153","Serpinilo","ingrediente","minerali","R","Leggero, ma con alta resistenza alle temperature",,"2024-03-05 01:30:33","nascosto"
"154","Titanite","ingrediente","minerali","R","Minerale estremamente robusto",,"2024-03-05 01:30:33","nascosto"
"155","Acciaio di sangue","ingrediente","minerali","L","Acciaio rarissimo dal colore rosso spento e dai riflessi rosso acceso",,"2024-03-05 01:30:33","nascosto"
"156","Mithralis","ingrediente","minerali","L","Duro, resistente, affilato e bello da vedere: non ha difetti",,"2024-03-05 01:30:33","nascosto"
"157","Argento grezzo","ingrediente","gemme","C","Metallo prezioso lucente e riflettente allo stato grezzo",,"2024-03-05 01:30:33","nascosto"
"158","Corallo","ingrediente","gemme","C","Formazione calcarea marina, di colore rosso acceso.",,"2024-03-05 01:30:33","nascosto"
"159","Ematite","ingrediente","gemme","C","Pietra metallica di colore grigio-nero",,"2024-03-05 01:30:33","nascosto"
"160","Fluorite","ingrediente","gemme","C","Pietra di varie tonalità di colore utilizzata per la guarigione",,"2024-03-05 01:30:33","nascosto"
"161","Granato","ingrediente","gemme","C","Pietra di varie tonalità di rosso utilizzata per la protezione",,"2024-03-05 01:30:33","nascosto"
"163","Ossidiana","ingrediente","gemme","C","Pietra vulcanica nera e lucida",,"2024-03-05 01:30:33","nascosto"
"164","Perla","ingrediente","gemme","C","Gemma prodotta dai molluschi marini",,"2024-03-05 01:30:33","nascosto"
"166","Tormalina","ingrediente","gemme","C","Cristallo dal colore nero",,"2024-03-05 01:30:33","nascosto"
"167","Agata","ingrediente","gemme","NC","Pietra semipreziosa con bande colorate",,"2024-03-05 01:30:33","nascosto"
"168","Ambra","ingrediente","gemme","NC","Resina fossile dal colore giallo-arancio",,"2024-03-05 01:30:33","nascosto"
"169","Ametista grezza","ingrediente","gemme","NC","Pietra preziosa viola e trasparente",,"2024-03-05 01:30:33","nascosto"
"170","Argento puro","ingrediente","gemme","NC","Metallo prezioso lucente e riflettente senza impurità",,"2024-03-05 01:30:33","nascosto"
"171","Giada","ingrediente","gemme","NC","Pietra preziosa di colore verde",,"2024-03-05 01:30:33","nascosto"
"172","Lapislazzuli","ingrediente","gemme","NC","Pietra di colore blu intenso con inclusioni dorate",,"2024-03-05 01:30:33","nascosto"
"175","Diamante grezzo","ingrediente","gemme","R","Pietra preziosa cristallina e scintillante",,"2024-03-05 01:30:33","nascosto"
"177","Oro puro","ingrediente","gemme","R","Metallo prezioso lucente e resistente alla corrosione",,"2024-03-05 01:30:33","nascosto"
"178","Rubino grezzo","ingrediente","gemme","R","Pietra preziosa di colore rosso vivace e intenso",,"2024-03-05 01:30:33","nascosto"
"179","Smeraldo grezzo","ingrediente","gemme","R","Pietra preziosa di colore verde intenso",,"2024-03-05 01:30:33","nascosto"
"181","Opale di fuoco","ingrediente","gemme","L","Pietra preziosa con giochi di luce rossastri",,"2024-03-05 01:30:33","nascosto"
"182","Zaffiro nero","ingrediente","gemme","L","Gemma misteriosa, scintillante come la notte stellata",,"2024-03-05 01:30:33","nascosto"
"183","Aconito","ingrediente","tossine","C","Pianta erbacea con fiore viola accesso",,"2024-03-05 01:30:34","nascosto"
"184","Artemisia","ingrediente","tossine","C","Pianta verde argentea, evoca saggezza e protezione spirituale",,"2024-03-05 01:30:34","nascosto"
"185","Camedrio","ingrediente","tossine","C","Erba profumata dalle foglie verdi",,"2024-03-05 01:30:34","nascosto"
"187","Ghiandola di scorpione","ingrediente","tossine","C","Escrescenza tondeggiante contenente veleno",,"2024-03-05 01:30:34","nascosto"
"188","Mughetto","ingrediente","tossine","C","Pianta montana velenosa dai piccoli fiori bianchi",,"2024-03-05 01:30:34","nascosto"
"189","Oleandro","ingrediente","tossine","C","Arbusto velenoso comune dai fiori bianchi o rosa",,"2024-03-05 01:30:34","nascosto"
"190","Papavero","ingrediente","tossine","C","Delicata pianta a fiore rosso",,"2024-03-05 01:30:34","nascosto"
"191","Piombo","ingrediente","tossine","C","Metallo grigio pesante",,"2024-03-05 01:30:34","nascosto"
"193","Amanita","ingrediente","tossine","NC","Fungo dal colore rosso vivace puntinato di bianco",,"2024-03-05 01:30:34","nascosto"
"194","Chenopodio","ingrediente","tossine","NC","Pianta dalle foglie verde scuro",,"2024-03-05 01:30:34","nascosto"
"196","Ghiandole di ragno","ingrediente","tossine","NC","Sacche contenenti il veleno di un ragno",,"2024-03-05 01:30:34","nascosto"
"197","Mercurio","ingrediente","tossine","NC","Metallo liquido, argenteo e mutevole come il destino",,"2024-03-05 01:30:34","nascosto"
"198","Pelle di rana","ingrediente","tossine","NC","Trattiene le tossine di alcune rane velenose",,"2024-03-05 01:30:34","nascosto"
"199","Polvere d'argento","ingrediente","tossine","NC","Polvere sottilissima di argento",,"2024-03-05 01:30:34","nascosto"
"202","Digitale purpurea","ingrediente","tossine","R","Fiore alto e maestoso color porpora, incanta i sensi",,"2024-03-05 01:30:34","nascosto"
"203","Noce vomica","ingrediente","tossine","R","Frutto tetro e tossico nonostante il colore arancione",,"2024-03-05 01:30:34","nascosto"
"204","Pungiglione di vespa","ingrediente","tossine","R","Aculeo intriso di veleno residuo di vespa.",,"2024-03-05 01:30:34","nascosto"
"205","Tentacoli di medusa","ingrediente","tossine","R","Appendici urticanti delle meduse",,"2024-03-05 01:30:34","nascosto"
"207","Emolinfa","ingrediente","tossine","L","Sostanza vitale degli insetti, viscida al contatto",,"2024-03-05 01:30:34","nascosto"
"208","Piuma di uccello Pitoui","ingrediente","tossine","L","Piuma che dà prurito e bruciore al contatto",,"2024-03-05 01:30:34","nascosto"
"209","Alcool medico","ingrediente","mercati generali","C","Liquido incolore e dall’odore alcolico molto forte",,"2024-03-05 01:30:34","nascosto"
"210","Carbone","ingrediente","mercati generali","C","Materiale nero ottenuto dalla combustione del legno",,"2024-03-05 01:30:34","nascosto"
"211","Carta","ingrediente","mercati generali","C","Materiale vegetale grezzo, necessario a creare un foglio.",,"2024-03-05 01:30:34","nascosto"
"212","Cera","ingrediente","mercati generali","C","Sostanza secreta dalle api",,"2024-03-05 01:30:34","nascosto"
"213","Filo","ingrediente","mercati generali","C","Elemento di cotone usato per fissare e legare",,"2024-03-05 01:30:34","nascosto"
"214","Gessetto","ingrediente","mercati generali","C","Materiale bianco utilizzato per scrivere su lavagne",,"2024-03-05 01:30:34","nascosto"
"215","Gesso","ingrediente","mercati generali","C","Materiale bianco e poroso utilizzato per sculture e intonaci",,"2024-03-05 01:30:34","nascosto"
"216","Mangime","oggetto","mercati generali","C","Alimento per animali.
Se lo consumi, chiama un Master.",,"2024-03-05 01:30:34","nascosto"
"217","Sacco di terra","ingrediente","mercati generali","C","Materiale terroso per scopi agricoli o costruttivi",,"2024-03-05 01:30:34","nascosto"
"218","Saggina","ingrediente","mercati generali","C","Coltura alimentare sostitutiva, della famiglia del grano",,"2024-03-05 01:30:34","nascosto"
"219","Zolfo","ingrediente","mercati generali","C","Minerale giallo intenso dall’odore pungente e dagli svariati usi",,"2024-03-05 01:30:34","nascosto"
"220","Cartapecora","ingrediente","mercati generali","NC","Membrana sottile ricavata da pelle animale.",,"2024-03-05 01:30:34","nascosto"
"221","Inchiostro","ingrediente","mercati generali","NC","Liquido colorato utilizzato per scrivere o stampare",,"2024-03-05 01:30:34","nascosto"
"222","Limoni","ingrediente","mercati generali","NC","Frutti gialli e succosi dai molteplici usi",,"2024-03-05 01:30:34","nascosto"
"223","Mirra","ingrediente","mercati generali","NC","Resina seccata estratta dagli alberi",,"2024-03-05 01:30:34","nascosto"
"224","Polvere colorata","ingrediente","mercati generali","NC","Pigmenti in polvere finissima, usati per colorare",,"2024-03-05 01:30:34","nascosto"
"225","Ingranaggi","ingrediente","mercati generali","R","Componenti meccanici a forma di ruote dentate che si ingranano",,"2024-03-05 01:30:34","nascosto"
"226","Salnitro","ingrediente","mercati generali","R","Sostanza ossidante usata nella preparazione degli esplosivi",,"2024-03-05 01:30:34","nascosto"
"228","Sanguisuga","oggetto","mercati generali","C","Anellide nero di circa dieci centimetri. Continua a muoversi ed è decisamente mordace.",,"2024-03-28 11:11:46","nascosto"
"229","Foglio","oggetto","mercati generali","NC","Un semplice foglio di carta.",,"2024-03-28 15:26:38","nascosto"
"230","Pergamena","ingrediente","mercati generali","NC","Foglio ricercato utilizzato in vari ambiti.",,"2024-03-28 15:29:31","nascosto"
"231","Ricettario","oggetto","mercati generali","R","Il libro degli artigiani, dove possono segnare le loro ricette e scoperte.

Questo oggetto non rientra nel conteggio degli oggetti plastificati posseduti.",,"2024-03-28 15:30:38","nascosto"
"232","Grimorio scarico","oggetto","mercati generali","R","Il libro dei maghi. Deve essere incantato per essere utilizzabile.",,"2024-03-28 15:31:20","nascosto"
"233","Grimorio","oggetto incantato","mercati generali","R","Il libro dei maghi, dove possono scrivere i loro incantesimi e attaccare pergamene. Emana una lieve aura magica.
E' magicamente legato al mago: non è cedibile e non è rubabile (nemmeno tramite perquisizione).

Questo oggetto non rientra nel conteggio degli oggetti plastificati posseduti.",,"2024-03-28 15:32:21","nascosto"
"234","Pergamena ""Prova del Divino""","oggetto incantato",,"R","Pergamena Sacra Base di danno. 
Può essere usata solo da chi ha l’abilità “Cerimonialista”. Dopo aver pronunciato l'invocazione: “Divinità che regnate sul creato, manifestate il vostro volere tramite il vostro servo” si può dichiarare SACRO a distanza su un bersaglio. 
Non rientra nel conteggio degli oggetti plastificati posseduti.",,"2024-05-10 09:59:25","nascosto"
"236","Strumenti alchemici","oggetto","mercati generali","-nessuno-","Chi usa questi strumenti riduce di 1 minuto il tempo di creazione delle ricette e delle sperimentazioni di Alchimia.",,"2024-05-13 14:01:09","nascosto"
"237","Strumenti da mescitore","oggetto","mercati generali","-nessuno-","Chi usa questi strumenti riduce di 1 minuto il tempo di creazione delle ricette e delle sperimentazioni di Farmacologia.",,"2024-05-13 14:01:39","nascosto"
"238","Strumenti da conciaio","oggetto","mercati generali","-nessuno-","Chi usa questi strumenti riduce di 1 minuto il tempo di creazione delle ricette e delle sperimentazioni da Conciaio.",,"2024-05-13 14:02:10","nascosto"
"239","Strumenti da costruttore","oggetto","mercati generali","-nessuno-","Chi usa questi strumenti riduce di 1 minuto il tempo di creazione delle ricette e delle sperimentazioni di Carpenteria.",,"2024-05-13 14:02:35","nascosto"
"240","Strumenti da armaiolo","oggetto","mercati generali","-nessuno-","Chi usa questi strumenti riduce di 1 minuto il tempo di creazione delle ricette e delle sperimentazioni da Armaiolo.",,"2024-05-13 14:03:09","nascosto"
"241","Strumenti da gioielliere","oggetto","mercati generali","-nessuno-","Chi usa questi strumenti riduce di 1 minuto il tempo di creazione delle ricette e delle sperimentazioni da Gioielliere.",,"2024-05-13 14:03:39","nascosto"
"242","Strumenti da cuoco","oggetto","mercati generali","-nessuno-","Chi usa questi strumenti riduce di 1 minuto il tempo di creazione delle ricette e delle sperimentazioni da Cuoco.",,"2024-05-13 14:04:07","nascosto"
"243","Strumento musicale","oggetto","mercati generali","-nessuno-","Chi usa questo strumento riduce di 10 secondi tutte le abilità di esibizione basate sull'uso della musica.",,"2024-05-13 14:04:43","nascosto"
"244","Strumenti da scassinatore basici","oggetto","mercati generali","C","Per poter usare questi attrezzi bisogna avere l'abilità Scassinatore. 
Strappando il cartellino, permettono di aprire istantaneamente un forziere Comune o una serratura Comune.",,"2024-05-13 14:05:18","nascosto"
"245","Strumenti da scassinatore buoni","oggetto","mercati generali","NC","Per poter usare questi attrezzi bisogna avere l'abilità Scassinatore. 
Strappando il cartellino, permettono di aprire istantaneamente un forziere Non Comune o inferiore, o una serratura Non Comune o inferiore.",,"2024-05-13 14:05:43","nascosto"
"246","Strumenti da scassinatore ottimi","oggetto","mercati generali","R","Permettono di aprire istantaneamente un forziere .

Per poter usare questi attrezzi bisogna avere l'abilità Scassinatore. 
Strappando il cartellino, permettono di aprire istantaneamente un forziere Raro o inferiore, o una serratura Rara o inferiore.",,"2024-05-13 14:06:09","nascosto"
"247","Strumenti da scassinatore perfetti","oggetto","mercati generali","L","Per poter usare questi attrezzi bisogna avere l'abilità Scassinatore. 
Strappando il cartellino, permettono di aprire istantaneamente un forziere o una serratura di qualsiasi rarità.",,"2024-05-13 14:06:33","nascosto"
"248","Incenso","-nessuno-",,"NC","Sostanza di origine vegetale che, bruciata, emana dei forti profumi. Viene utilizzato nelle messe e nei riti sacri.",,"2024-05-13 14:07:13","nascosto"
"249","Olio sacrilego","-nessuno-",,"C","Olio pregno di una forte energia negativa. Viene utilizzato nelle messe e nei riti sacrileghi.",,"2024-05-13 14:07:36","nascosto"
"250","Cuore di nano","ingrediente","mercati generali","L","Questa gemma preziosa e purissima è il cuore di un appartenente alla razza dei Nani. Più la gemma è di colore chiaro, più il defunto nano si è distinto positivamente in vita.",,"2024-05-13 14:08:40","nascosto"
"251","Cauterizzatore","oggetto","mercati generali","-nessuno-","Dopo 30 secondi di simulazione, permette di dichiarare GUARIGIONE DOLORE su un personaggio.",,"2024-05-13 14:11:53","nascosto"
"252","Cauterizzatore migliorato","oggetto","mercati generali","-nessuno-","Dopo 15 secondi di simulazione, permette di dichiarare GUARIGIONE DOLORE su un personaggio.",,"2024-05-13 14:12:14","nascosto"
"253","Fulminpolvere","oggetto","mercati generali","-nessuno-","Genera un’esplosione di fiamme. Strappando questa polvere, il prossimo colpo con armi da fuoco dichiara: “FUOCO FUOCO FUOCO”",,"2024-05-13 14:14:08","nascosto"
"254","Vetropolvere","oggetto","mercati generali","-nessuno-","Polvere mescolata a frammenti di vetro iridescente. Strappando questa polvere, il prossimo colpo con armi da fuoco dichiara: “FUOCO CECITA’”",,"2024-05-13 14:14:33","nascosto"
"255","Polvogelida","oggetto","mercati generali","-nessuno-","Polvere che ghiaccia il terreno non appena vi entra in contatto. Strappando questa polvere, il prossimo colpo con armi da fuoco dichiara: “FUOCO A TERRA”",,"2024-05-13 14:15:57","nascosto"
"256","Echoplomb","oggetto","mercati generali","-nessuno-","Polvere che esplodendo causa un rumore assordante e doloroso per l'udito. Strappando questa polvere, il prossimo colpo con armi da fuoco dichiara: “FUOCO DOLORE”",,"2024-05-13 14:17:00","nascosto"
"257","Accelero","oggetto","mercati generali","-nessuno-","Polvere che leviga il proiettile quando sparato. Strappando questa polvere, il prossimo colpo con armi da fuoco dichiara: “FUOCO DIRETTO”",,"2024-05-13 14:17:21","nascosto"
"258","Stordipolvere","oggetto","mercati generali","-nessuno-","Polvere che esplodendo causa un rumore fastidioso. Strappando questa polvere, il prossimo colpo con armi da fuoco dichiara: “FUOCO CONFUSIONE”",,"2024-05-13 14:17:36","nascosto"
"259","Frammentifera","oggetto","mercati generali","-nessuno-","Polvere che esplodendo frammenta il proiettile. Strappando questa polvere, il prossimo colpo con armi da fuoco dichiara: “FUOCO CRITICO”",,"2024-05-13 14:17:59","nascosto"
"260","Polvizzante","oggetto","mercati generali","-nessuno-","Polvere che esplodendo rilascia scariche elettriche sul proiettile. Strappando questa polvere, il prossimo colpo con armi da fuoco dichiara: “FUOCO PARALISI”",,"2024-05-13 14:18:26","nascosto"
"261","Somnisparo","oggetto","mercati generali","-nessuno-","Polvere che esplodendo rilascia una polvere soporifera sul proiettile. Strappando questa polvere, il prossimo colpo con armi da fuoco dichiara: “FUOCO SONNO”",,"2024-05-13 14:18:47","nascosto"
"262","Polvocolpo","oggetto","mercati generali","-nessuno-","Polvere che esplodendo da una spinta ulteriore al proiettile. Strappando questa polvere, il prossimo colpo con armi da fuoco dichiara: “FUOCO SPINTA”",,"2024-05-13 14:19:05","nascosto"
"263","Sparofobia","oggetto","mercati generali","-nessuno-","Polvere che esplodendo causa un rumore terrificante. Strappando questa polvere, il prossimo colpo con armi da fuoco dichiara: “FUOCO TERRORE”",,"2024-05-13 14:19:20","nascosto"
"264","Polvendetta","oggetto","mercati generali","-nessuno-","Polvere che esplodendo attira l’attenzione del bersaglio. Strappando questa polvere, il prossimo colpo con armi da fuoco dichiara: “FUOCO AGGRO”",,"2024-05-13 14:19:44","nascosto"
"265","Polvospacca","oggetto","mercati generali","-nessuno-","Polvere che esplodendo scatena una potente forza distruttiva. Strappando questa polvere, il prossimo colpo con armi da fuoco dichiara: “FUOCO CRASH”",,"2024-05-13 14:20:06","nascosto"
"266","Rabbiosparo","oggetto","mercati generali","-nessuno-","Polvere che esplodendo scatena la rabbia del bersaglio. Strappando questa polvere, il prossimo colpo con armi da fuoco dichiara: “FUOCO FURIA”",,"2024-05-13 14:20:21","nascosto"
"267","Tacius pirica","oggetto","mercati generali","-nessuno-","Polvere che esplodendo ammutolisce il bersaglio. Strappando questa polvere, il prossimo colpo con armi da fuoco dichiara: “FUOCO SILENZIO”",,"2024-05-13 14:20:36","nascosto"
"268","Sparprecia","oggetto","mercati generali","-nessuno-","Polvere che esplodendo curva il proiettile verso mani del bersaglio. Strappando questa polvere, il prossimo colpo con armi da fuoco dichiara: “FUOCO DISARMO”",,"2024-05-13 14:20:55","nascosto"
"269","Ossiolina","oggetto","mercati generali","-nessuno-","Polvere che esplodendo dona una potentissima forza al proiettile. Strappando questa polvere, il prossimo colpo con armi da fuoco dichiara: “FUOCO FRATTURA” (nel momento in cui si dichiara FRATTURA bisogna anche dichiarare a quale arto - es.: FRATTURA braccio sinistro, FRATTURA gamba destra)",,"2024-05-13 14:21:45","nascosto"
"270","Annichipolvere","oggetto","mercati generali","-nessuno-","Polvere che esplodendo permette al proiettile di colpire un punto vitale. Strappando questa polvere, il prossimo colpo con armi da fuoco dichiara: “FUOCO DEBOLEZZA”. Il prossimo colpo sparato con l'arma necessita di 30 secondi di ricarica.",,"2024-05-13 14:22:21","nascosto"
"271","Falsa polvere","oggetto","mercati generali","-nessuno-","Polvere dalla grande capacità destabilizzante, ma che non procura alcun danno. Strappando questa polvere, il prossimo colpo con armi da fuoco dichiara: “SPINTA SPINTA SPINTA” sullo stesso bersaglio.",,"2024-05-13 14:22:50","nascosto"
"272","Polvoraffica falsa","oggetto","mercati generali","-nessuno-","Polvere dalla grande capacità destabilizzante, ma che non procura alcun danno. Strappando questa polvere, il prossimo colpo con armi da fuoco permette di dichiarare: “SPINTA” su tre bersagli diversi, indicandoli con il dito.",,"2024-05-13 14:23:22","nascosto"
"273","Pirica benedetta","oggetto","mercati generali","-nessuno-","Polvere benedetta dalle divinità. Strappando questa polvere, il prossimo colpo con armi da fuoco permette di dichiarare: “SACRO” su due bersagli diversi, indicandoli con il dito.",,"2024-05-13 14:23:50","nascosto"
"274","Polvopirica bendetta","oggetto","mercati generali","-nessuno-","Polvere benedetta dalle divinità.  Strappando questa polvere, il prossimo colpo con armi da fuoco permette di dichiarare: “SACRO” su tre bersagli diversi, indicandoli con il dito.",,"2024-05-13 14:24:14","nascosto"
"275","Furoria","droga","mercati generali","-nessuno-","Fino alla fine del prossimo INCONTRO, quando subisci DOLORE dichiari CONVERTO E subisci invece FURIA.

Alla fine dell’INCONTRO subisci DEBOLEZZA.

Se è la seconda droga che assumi nell’arco della giornata, recati in SALA STAFF.",,"2024-05-13 14:56:17","nascosto"
"276","Fortemente","droga","mercati generali","-nessuno-","Fino alla fine del prossimo INCONTRO sei IMMUNE a CHARME, COMANDO e CONFUSIONE. 

Alla fine dell’INCONTRO subisci ARTEFATTO SONNO TEMPO 1 MINUTO. 

Se è la seconda droga che assumi nell’arco della giornata, recati in SALA STAFF.",,"2024-05-13 14:56:58","nascosto"
"277","Coccoina","droga","mercati generali","-nessuno-","Fino alla fine del prossimo INCONTRO, quando subisci CRITICO e DIRETTO dichiari CONVERTO e subisci invece ARTEFATTO BLAM. 

Alla fine dell’INCONTRO subisci FRATTURA direttamente a tutti e quattro gli arti, ignorando eventuali PA.

Se è la seconda droga che assumi nell’arco della giornata, recati in SALA STAFF.",,"2024-05-13 14:57:19","nascosto"
"278","Argentalia","droga","mercati generali","-nessuno-","Fino alla fine del prossimo INCONTRO sei IMMUNE a PARALISI e INTRALCIARE. 

Alla fine dell’INCONTRO subisci DOLORE TEMPO 30 SECONDI.

Se è la seconda droga che assumi nell’arco della giornata, recati in SALA STAFF.",,"2024-05-13 14:57:45","nascosto"
"279","Folgara","droga","mercati generali","-nessuno-","Questo effetto dura fino alla fine della giornata. Una volta per INCONTRO, quando subisci COMA dichiari CONVERTO e subisci invece ARTEFATTO CRITICO.
Le chiamate FISICHE durano 30 SECONDI anziché 10. 

Se è la seconda droga che assumi nell’arco della giornata, recati in SALA STAFF.",,"2024-05-13 14:58:25","nascosto"
"280","Rocca Nera","droga","mercati generali","-nessuno-","Fino alla fine del prossimo INCONTRO, dichiari IMMUNE a tutti i danni indipendentemente dalla fonte. 

Alla fine dell’INCONTRO subisci PIETRIFICAZIONE, IMMUNE A CRASH.

Se è la seconda droga che assumi nell’arco della giornata, recati in SALA STAFF.",,"2024-05-13 14:59:13","nascosto"
"281","Alverante","droga","mercati generali","-nessuno-","Subisci POSSESSIONE: “VEDI E SENTI DEGLI INSETTI BRULICANTI CHE TI ASSALGONO”.",,"2024-05-13 14:59:52","nascosto"
"282","Metamorfosina","droga","mercati generali","-nessuno-","Subisci COMANDO: “BRUCA”",,"2024-05-13 15:00:09","nascosto"
"283","Inversia","droga","mercati generali","-nessuno-","Subisci COMANDO: “UCCIDITI”",,"2024-05-13 15:00:39","nascosto"
"284","Coccodrilla","droga","mercati generali","-nessuno-","Fino alla fine del giorno le chiamate SONNO, CONFUSIONE e PARALISI durano 30 secondi anziché 10.",,"2024-05-13 15:01:09","nascosto"
"285","Burronia","droga","mercati generali","-nessuno-","Fino alla fine del giorno, ogni volta che per te inizia un INCONTRO, subisci ARTEFATTO A TERRA.",,"2024-05-13 15:02:08","nascosto"
"286","Disertica","droga","mercati generali","-nessuno-","Fino alla fine del giorno, ogni volta che per te inizia un INCONTRO, subisci DISARMO TEMPO 30 SECONDI.",,"2024-05-13 15:02:44","nascosto"
"287","Lucernaria","droga","mercati generali","-nessuno-","Subisci POSSESSIONE: “TROVI TUTTO MERAVIGLIOSO E STRAORDINARIO, ANCHE I DETTAGLI PIU’ INSIGNIFICANTI”",,"2024-05-13 15:03:05","nascosto"
"288","Engdàs","droga","mercati generali","-nessuno-","Fino alla fine del giorno, se subisci DOLORE dichiari CONVERTO e subisci invece ARTEFATTO CHARME (verso la fonte della chiamata DOLORE).",,"2024-05-13 15:05:01","nascosto"
"289","Stoicasi","droga","mercati generali","-nessuno-","Fino alla fine del prossimo INCONTRO sei IMMUNE ad A TERRA. 

Alla fine dell’INCONTRO subisci CONFUSIONE TEMPO 30 SECONDI.

Se è la seconda droga che assumi nell’arco della giornata, recati in SALA STAFF",,"2024-05-13 15:05:25","nascosto"
"290","Nervodone","droga","mercati generali","-nessuno-","Fino alla fine del prossimo incontro, quando subisci FURIA dichiari CONVERTO e subisci invece AGGRO.

Alla fine dell’INCONTRO subisci: “POSSESSIONE: HAI I SENSI DI COLPA”. 

Se è la seconda droga che assumi nell’arco della giornata, recati in SALA STAFF.",,"2024-05-13 15:05:43","nascosto"
"291","Azeno","droga","mercati generali","-nessuno-","Questo effetto dura fino alla fine dell’evento.
Sei IMMUNE ad AMNESIA. 

Quando subisci CHARME o COMANDO, devi dichiarare CONVERTO e subisci al loro posto ARTEFATTO SINCERITA’.

Se è la seconda droga che assumi nell’arco della giornata, recati in SALA STAFF.",,"2024-05-13 15:06:45","nascosto"
"292","Sforzo dell'eroe","droga","mercati generali","-nessuno-","Fino alla fine del prossimo INCONTRO, puoi dichiarare COMA due volte.
 
Alla fine dell’INCONTRO entri in stato SANGUINANTE.  

Se è la seconda droga che assumi nell’arco della giornata, recati in SALA STAFF.",,"2024-05-13 15:07:14","nascosto"
"293","Disturbo schizofrenico paranoide","malattia",,"-nessuno-","Il PG mostra funzioni cognitive, percettive e comportamentali alterate rispetto alla norma: può avere allucinazioni, deliri soprattutto persecutori, disordini nel pensiero e nel linguaggio. Si fida poco delle persone e teme che gli altri tramino ai suoi danni. 

Se si vuole interagire con la malattia, chiamare il Master Giacomo.",,"2024-05-15 09:26:49","nascosto"
"294","Rhum","tonico da battaglia","mercati generali","-nessuno-","Permette di dichiarare CRITICO con le armi per un INCONTRO. 
ATTENZIONE: consumare un altro Tonico da battaglia annulla l'effetto di questo cartellino.",,"2024-05-21 10:15:08","nascosto"
"295","Sberla Materna","tonico da battaglia","mercati generali","-nessuno-","Permette di dichiarare COMA con le armi una volta. Dura fino alla fine del giorno.  
ATTENZIONE: consumare un altro Tonico da battaglia annulla l'effetto di questo cartellino.",,"2024-05-21 10:16:35","nascosto"
"296","Schioppo dei piedavanti","tonico da battaglia","mercati generali","-nessuno-","Permette di dichiarare MORTALE con le armi una volta. Dura fino alla fine del giorno.  
ATTENZIONE: consumare un altro Tonico da battaglia annulla l'effetto di questo cartellino.",,"2024-05-21 10:17:30","nascosto"
"297","Voce del Santo","tonico da battaglia","mercati generali","-nessuno-","Permette di dichiarare DISINTEGRAZIONE con le armi una volta. Dura fino alla fine del giorno.  
ATTENZIONE: consumare un altro Tonico da battaglia annulla l'effetto di questo cartellino.",,"2024-05-21 10:18:03","nascosto"
"298","Pirocaustica Sovrana","tonico da battaglia","mercati generali","-nessuno-","Permette di dichiarare DISINTEGRAZIONE OGGETTO una volta. Dura fino alla fine del giorno.  
ATTENZIONE: consumare un altro Tonico da battaglia annulla l'effetto di questo cartellino.",,"2024-05-21 10:19:44","nascosto"
"299","Ruggito Rosso","tonico da battaglia","mercati generali","-nessuno-","Permette di dichiarare FRATTURA con le armi per un INCONTRO. 
ATTENZIONE: consumare un altro Tonico da battaglia annulla l'effetto di questo cartellino.",,"2024-05-21 10:23:17","nascosto"
"300","Idromele","tonico da battaglia","mercati generali","-nessuno-","Permette di dichiarare A TERRA con le armi per un INCONTRO. 
ATTENZIONE: consumare un altro Tonico da battaglia annulla l'effetto di questo cartellino.",,"2024-05-21 10:24:20","nascosto"
"301","Obscuranthe","tonico da battaglia","mercati generali","-nessuno-","Permette di dichiarare CECITA' con le armi per un INCONTRO. 
ATTENZIONE: consumare un altro Tonico da battaglia annulla l'effetto di questo cartellino.",,"2024-05-21 10:25:12","nascosto"
"302","Grappa forte","tonico da battaglia","mercati generali","-nessuno-","Permette di dichiarare DOLORE con le armi per un INCONTRO. 
ATTENZIONE: consumare un altro Tonico da battaglia annulla l'effetto di questo cartellino.",,"2024-05-21 10:25:30","nascosto"
"303","Furbellino","tonico da battaglia","mercati generali","-nessuno-","Permette di dichiarare INTRALCIARE con le armi per un INCONTRO. 
ATTENZIONE: consumare un altro Tonico da battaglia annulla l'effetto di questo cartellino.",,"2024-05-21 10:25:53","nascosto"
"304","Acquavite","tonico da battaglia","mercati generali","-nessuno-","Permette di dichiarare PARALISI con le armi per un INCONTRO. 
ATTENZIONE: consumare un altro Tonico da battaglia annulla l'effetto di questo cartellino.",,"2024-05-21 10:26:15","nascosto"
"305","Canto del Sognatore","tonico da battaglia","mercati generali","-nessuno-","Permette di dichiarare SILENZIO con le armi per un INCONTRO. 
ATTENZIONE: consumare un altro Tonico da battaglia annulla l'effetto di questo cartellino.",,"2024-05-21 10:26:37","nascosto"
"306","Tristo Mietitore","tonico da battaglia",,"-nessuno-","Chi lo ingerisce subisce COMA.",,"2024-05-21 10:27:07","nascosto"
"307","Distillato al peperoncino","tonico da battaglia","mercati generali","-nessuno-","Permette di dichiarare CRASH con le armi per un INCONTRO. 
ATTENZIONE: consumare un altro Tonico da battaglia annulla l'effetto di questo cartellino.",,"2024-05-21 10:27:27","nascosto"
"308","Schiumata","tonico da battaglia","mercati generali","-nessuno-","Permette di dichiarare DISARMO con le armi per un INCONTRO. 
ATTENZIONE: consumare un altro Tonico da battaglia annulla l'effetto di questo cartellino.",,"2024-05-21 10:27:49","nascosto"
"309","Vin Caldo Speziato","tonico da battaglia","mercati generali","-nessuno-","Permette di dichiarare DEBOLEZZA con le armi una volta. Dura fino alla fine del giorno. 
ATTENZIONE: consumare un altro Tonico da battaglia annulla l'effetto di questo cartellino.",,"2024-05-21 10:28:25","nascosto"
"310","Cervogia Artigianale","tonico da battaglia","mercati generali","-nessuno-","Permette di dichiarare CRITICO con qualsiasi arma che sappia usare fino a fine giornata. Quando si subisce la chiamata CONFUSIONE, dura 20 sec. anziché 10. 
ATTENZIONE: consumare un altro Tonico da battaglia annulla l'effetto di questo cartellino.",,"2024-05-21 10:30:28","nascosto"
"311","Sidro Artigianale","tonico da battaglia","mercati generali","-nessuno-","Permette di dichiarare DIRETTO al primo colpo di ogni incontro con qualsiasi arma che sappia usare fino a fine giornata. Quando si subisce la chiamata FURIA, dura 20 sec. anziché 10. 
ATTENZIONE: consumare un altro Tonico da battaglia annulla l'effetto di questo cartellino.",,"2024-05-21 10:31:22","nascosto"
"312","Tosse Asinina","malattia",,"C","SINTOMI: Starnuti, voce nasale

Il PG è impossibilitato a pronunciare le parole in modo chiaro o senza interromperle: si è impossibilitati a castare magie, invocare divinità, celebrare rituali e in generale  usare abilità che richiedano l’uso della parola per un tempo definito. 

Se non viene trattata entro la fine della giornata, chiamare un master.",,"2024-05-21 10:39:20","nascosto"
"313","Tosse Asinina - Stadio 2","malattia",,"C","SINTOMI: Starnuti, voce nasale

Il PG è impossibilitato a pronunciare le parole in modo chiaro o senza interromperle: si è impossibilitati a castare magie, invocare divinità, celebrare rituali e in generale  usare abilità che richiedano l’uso della parola per un tempo definito. 

Se non viene trattata entro la fine della giornata, chiamare un master.",,"2024-05-21 10:39:52","nascosto"
"314","Infezione da ferita","malattia",,"C","SINTOMI: Macchia rossa, calda e dolorante attorno alla zona ferita. 

Se non viene trattata entro la fine della giornata, chiamare un master.",,"2024-05-21 10:41:23","nascosto"
"316","Broncospasmo da inalazione di polveri - Stadio 2","malattia",,"C","SINTOMI: Accessi di tosse ogni minuto, respiro affannoso e sibilante. 

Il PG può parlare solo a voce sussurrata, non può correre, attaccare e può solo difendersi in mischia. 

Se il PG viene esposto a polveri, alla stessa fonte della malattia, o se non viene trattata entro la fine della giornata, chiamare un master.",,"2024-05-21 10:42:57","nascosto"
"317","Broncospasmo da inalazione di polveri - Stadio 3","malattia",,"C","SINTOMI: Accessi di tosse ogni minuto, respiro affannoso e sibilante, debolezza generalizzata, incapacità di stare in piedi da solo. 

Il PG può parlare solo a voce sussurrata, è soggetto alla chiamata DEBOLEZZA, non può difendersi in mischia. Il PG subisce la chiamata A TERRA se non sostenuto fisicamente da un altro PG. 

Se il PG viene esposto a polveri, alla stessa fonte della malattia o se la malattia non viene curata entro la fine dell’evento, il PG subisce ARTEFATTO MORTALE.",,"2024-05-21 10:43:28","nascosto"
"318","Colpo di calore","malattia",,"C","SINTOMI: Cute calda, mal di testa e sudorazione profusa.

Il PG subisce FUOCO come ARTEFATTO COMA. Se accade, chiamare un master. 

Se non viene trattata entro la fine della giornata, chiamare un master.",,"2024-05-21 10:44:31","nascosto"
"319","Colpo di calore - Stadio 2","malattia",,"C","SINTOMI: Stordimento, debolezza, sudorazione profusa. 

Il PG è soggetto alla chiamata DEBOLEZZA, ma può difendersi in mischia. Il PG subisce le chiamate FUOCO come ARTEFATTO A ZERO al tronco: se accade, chiamare un master. 

Se non viene trattata entro la fine della giornata, chiamare un master.",,"2024-05-21 10:44:54","nascosto"
"320","Colpo di calore - Stadio 3","malattia",,"C","SINTOMI: Corpo caldo, debolezza, sudorazione profusa, incapacità di stare in piedi da solo, emissione di parole e suoni sconnessi. 

Il PG è soggetto alla chiamata DEBOLEZZA, non può difendersi in mischia. Il PG subisce la chiamata A TERRA se non sostenuto fisicamente da un altro PG. Il PG subisce la prossima chiamata FUOCO che riceve come ARTEFATTO MORTALE. 

Se non viene trattata entro la fine della giornata, chiamare un master.",,"2024-05-21 10:45:21","nascosto"
"321","Tonsillite","malattia",,"C","SINTOMI: placche orali, alito cattivo, mal di gola, febbre. 

Il PG ha dolore alla gola: quando assume oggetti da ingestione, subisce la chiamata ARTEFATTO DOLORE.

Se non viene trattata entro la fine della giornata, chiamare un master.",,"2024-05-21 10:46:16","nascosto"
"322","Insonnia","malattia",,"C","SINTOMI: spossatezza fisica e mentale, difficoltà ad addormentarsi, irritabilità. 

Il PG è piuttosto irritabile. Quando subisce la chiamata SONNO, dichiara “CONVERTO” e subisce al suo posto “ARTEFATTO AGGRO”.

Se non viene trattata entro la fine della giornata, chiamare un master.",,"2024-05-21 10:47:08","nascosto"
"323","Verminosi intestinale","malattia",,"C","SINTOMI: Vomito nei primi cinque minuti, poi nausea, stordimento, debolezza, incapacità di stare in piedi da solo, crampi addominali, febbriciattola. 

Il PG è soggetto alla chiamata DEBOLEZZA, ma può difendersi in mischia. Il PG subisce la chiamata A TERRA se non sostenuto fisicamente da un altro PG. 

Se non viene trattata entro la fine della giornata, chiamare un master.",,"2024-05-21 10:47:42","nascosto"
"324","Gastrite","malattia",,"C","SINTOMI: dolore, crampi e bruciore allo stomaco, nausea, vomito. 

Il PG non riceve bonus dagli oggetti da ingestione: quando lo fa subisce la chiamata ARTEFATTO DOLORE. Fanno eccezione i rimedi.

Se non viene trattata entro la fine della giornata, chiamare un master.",,"2024-05-21 10:48:39","nascosto"
"325","Onicomicosi","malattia",,"C","SINTOMI: macchie sulle unghie, sollevamento e perdita delle unghie

Il PG subisce la chiamata DISARMO DOLORE quando prende in mano oggetti pesanti (come armi, armature, scudi, etc.) o si appresta a lavori di precisione (come il crafting, la riparazione, la cura, etc.)

Se non viene trattata entro la fine della giornata, chiamare un master.",,"2024-05-21 10:49:07","nascosto"
"326","Intossicazione alimentare","malattia",,"C","SINTOMI: nausea, crampi addominali, perdita di appetito

Il PG non può assumere alcun oggetto da ingestione: quando lo fa subisce la chiamata ARTEFATTO DOLORE. Fanno eccezione i rimedi.

Se non viene trattata entro la fine della giornata, chiamare un master.",,"2024-05-21 10:49:41","nascosto"
"327","Intossicazione alimentare - Stadio 2","malattia",,"C","SINTOMI: nausea, crampi addominali, perdita di appetito, febbre, difficoltà a parlare e vedere, bocca secca.

Il PG non può assumere alcun oggetto da ingestione: quando lo fa subisce la chiamata ARTEFATTO DOLORE. Fanno eccezione i rimedi.
Il PG subisce la chiamata CONFUSIONE all’inizio di ogni incontro. 

Se non viene trattata entro la fine della giornata, chiamare un master.",,"2024-05-21 10:50:52","nascosto"
"328","Scorbuto","malattia",,"C","SINTOMI: Grave deperimento generale, manifestazioni emorragiche diffuse, ritardi nella guarigione delle ferite, gengive gonfie, violacee e fragili. 

Il PG deve comunicare a chi cura le sue ferite che il tempo di cura è raddoppiato: il PG necessita di due chiamate GUARIGIONE perché la chiamata abbia effetto normalmente.
 
Se non viene trattata entro la fine della giornata, chiamare un master.",,"2024-05-21 10:51:23","nascosto"
"329","Scorbuto - Stadio 2","malattia",,"C","SINTOMI: Grave deperimento generale, manifestazioni emorragiche diffuse, ritardi nella guarigione delle ferite, gengive gonfie, violacee e fragili. Senso di affaticamento, depressione, dolori muscolari e articolari. 

Il PG è soggetto alla chiamata DEBOLEZZA, ma può difendersi in mischia. Il PG subisce la chiamata A TERRA se non sostenuto fisicamente da un altro PG. 
Il PG deve comunicare a chi cura le sue ferite che il tempo di cura è triplicato: il PG necessita di tre chiamate GUARIGIONE perché la chiamata abbia effetto normalmente. 

Se non viene trattata entro la fine della giornata, chiamare un master.",,"2024-05-21 10:51:48","nascosto"
"330","Pediculosi","malattia",,"C","SINTOMI: Accessi di grattamento di 10 sec. ogni cinque minuti. 

Il PG è soggetto alla chiamata DISARMO ogni cinque minuti. 

Se non viene trattata entro la fine della giornata, chiamare un master.",,"2024-05-21 10:52:43","nascosto"
"331","Influenza","malattia",,"C","SINTOMI: Starnuti, voce nasale. 

Il PG è impossibilitato a pronunciare le parole in modo chiaro o senza interromperle: si è impossibilitati a castare magie, invocare divinità, celebrare rituali e in generale  usare abilità che richiedano l’uso della parola per un tempo definito. 

Se non viene trattata entro la fine della giornata, chiamare un master.",,"2024-05-21 10:53:08","nascosto"
"332","Influenza - Stadio 2","malattia",,"C","SINTOMI: Starnuti, voce nasale, febbre, debolezza. 

Il PG è impossibilitato a pronunciare le parole in modo chiaro o senza interromperle: si è impossibilitati a castare magie, invocare divinità, celebrare rituali e in generale  usare abilità che richiedano l’uso della parola per un tempo definito. 

Se il PG contrae un’altra malattia o se non viene trattata entro la fine della giornata, chiamare un master.",,"2024-05-21 10:53:41","nascosto"
"333","Congestione intestinale","malattia",,"-nessuno-","SINTOMI: Vomito nei primi cinque minuti, poi nausea, crampi e febbriciattola. 

Il PG è soggetto alla chiamata DEBOLEZZA, ma può difendersi in mischia.

Se non viene trattata entro la fine della giornata, chiamare un master.",,"2024-05-21 10:54:09","nascosto"
"334","Tifo","malattia",,"NC","SINTOMI: Vomito nei primi cinque minuti, poi nausea, stordimento, debolezza, crampi addominali, febbriciattola, incapacità di stare in piedi da solo, emissione di parole e suoni sconnessi. 

Il PG è soggetto alla chiamata DEBOLEZZA, ma può difendersi in mischia. Il PG subisce la chiamata A TERRA se non sostenuto fisicamente da un altro PG. 

Se non viene trattata entro la fine della giornata, chiamare un master.",,"2024-05-21 10:56:45","nascosto"
"335","Tifo - Stadio 2","malattia",,"NC","SINTOMI: Nausea, stordimento, debolezza, crampi addominali, febbriciattola, incapacità di stare in piedi da solo, puntini rossi a livello addominale, emissione di parole e suoni sconnessi. 

Il PG è soggetto alla chiamata DEBOLEZZA, non può difendersi in mischia. Il PG subisce la chiamata A TERRA se non sostenuto fisicamente da un altro PG. 

Se non viene trattata entro tre ore, chiamare un master.",,"2024-05-21 10:57:08","nascosto"
"336","Morbillo","malattia",,"NC","SINTOMI: Tosse, febbre, starnuti, palpebre infiammate, malessere generale.

Il PG è soggetto alla chiamata DISARMO ogni cinque minuti. 

Se non viene trattata entro la fine della giornata, chiamare un master.",,"2024-05-21 11:02:09","nascosto"
"337","Morbillo - Stadio 2","malattia",,"NC","SINTOMI: Tosse, starnuti, voce nasale, palpebre infiammate, febbre, malessere, puntini rossi sulla cute esposta, prurito, sensibilità alla luce. 

Il PG è soggetto alla chiamata DISARMO ogni cinque minuti (per grattarsi, tossire o starnutire). Il PG è soggetto alla chiamata CECITA’ quando sotto una fonte di luce diretta. 

Se non viene trattata entro sei ore, chiamare un master.",,"2024-05-21 11:02:36","nascosto"
"338","Vaiolo minore","malattia",,"NC","SINTOMI: Starnuti, voce nasale. 

Se non viene trattata entro la fine della giornata, chiamare un master.",,"2024-05-21 11:04:09","nascosto"
"339","Vaiolo minore - Stadio 2","malattia",,"NC","SINTOMI: Starnuti, voce nasale, febbre, debolezza, puntini rossi sulla cute esposta. 

Il PG è soggetto alla chiamata DEBOLEZZA, ma può difendersi in mischia.

Se non viene trattata entro la fine della giornata, chiamare un master.",,"2024-05-21 11:04:37","nascosto"
"340","Colera","malattia",,"NC","SINTOMI: Vomito nei primi cinque minuti, poi nausea, stordimento, crampi addominali, febbriciattola. 

Il PG è soggetto alla chiamata DEBOLEZZA, ma può difendersi in mischia. Il PG subisce la chiamata A TERRA se non sostenuto fisicamente da un altro PG. 

Se non viene trattata entro la fine della giornata, chiamare un master.",,"2024-05-21 11:05:04","nascosto"
"341","Colera - Stadio 2","malattia",,"NC","SINTOMI: Nausea, stordimento, crampi addominali, febbriciattola, emissione di parole e suoni sconnessi.

Il PG è soggetto alla chiamata DEBOLEZZA, non può difendersi in mischia. Il PG subisce la chiamata A TERRA se non sostenuto fisicamente da un altro PG. 

Se non viene trattata entro un’ora, il PG subisce ARTEFATTO MORTALE.",,"2024-05-21 11:05:22","nascosto"
"342","Malaria","malattia",,"NC","SINTOMI: Malessere generale, scarso appetito, irritabilità. 

Il PG può consumare solo un cibo fino a fine giornata. 

Se non viene trattata entro la fine della giornata, chiamare un master.",,"2024-05-21 11:05:56","nascosto"
"343","Malaria - Stadio 2","malattia",,"NC","SINTOMI: Malessere generale, scarso appetito, irritabilità, spossatezza, cattivo umore, facile faticabilità. 

Il PG può consumare solo un cibo fino a fine giornata. Alla fine di ogni combattimento, il PG subisce ARTEFATTO A ZERO al petto e per tutti e cinque i minuti dello stato SANGUINANTE deve dichiarare IMMUNE a GUARIGIONE. Appena dovrebbe entrare nello stato di MORENTE, invece non ci entra e subisce automaticamente la chiamata ARTEFATTO GUARIGIONE. 

Se non viene trattata entro la fine della giornata, chiamare un master.",,"2024-05-21 11:06:17","nascosto"
"344","Malaria - Stadio 3","malattia",,"NC","SINTOMI: Malessere generale, scarso appetito, irritabilità, spossatezza, cattivo umore, facile faticabilità. Tali sintomi non sono acuti come nello Stadio 2. 

Il PG può consumare solo un cibo fino a fine giornata. Alla fine di ogni combattimento, il PG subisce ARTEFATTO A ZERO al petto e per i cinque minuti dello stato SANGUINANTE deve dichiarare IMMUNE a GUARIGIONE. Dopo cinque minuti, prima di entrare nello stato di MORENTE, subisce automaticamente la chiamata ARTEFATTO GUARIGIONE. 

Se non viene trattata entro la fine della giornata, chiamare un master.",,"2024-05-21 11:06:47","nascosto"
"345","Malaria - Stadio 4","malattia",,"NC","SINTOMI: Malessere generale, scarso appetito, irritabilità, spossatezza, cattivo umore, facile faticabilità. Tali sintomi non sono acuti come nello Stadio 2. 

Il PG può consumare solo un cibo fino a fine giornata. Alla fine di ogni combattimento, il PG subisce ARTEFATTO A ZERO al petto e per i cinque minuti dello stato SANGUINANTE deve dichiarare IMMUNE a GUARIGIONE. Dopo cinque minuti, prima di entrare nello stato di MORENTE, subisce automaticamente la chiamata ARTEFATTO GUARIGIONE.
Per curare la malattia a questo stadio è necessaria una dose doppia del corrispondente farmaco.  

Se non viene trattata entro la fine della giornata, chiamare un master.",,"2024-05-21 11:07:17","nascosto"
"346","Febbre reumatica","malattia",,"NC","SINTOMI: Malessere generale, mal di gola, voce sussurrata. 

Se non viene trattata entro la giornata, chiamare un master.",,"2024-05-21 11:07:50","nascosto"
"347","Febbre reumatica - Stadio 2","malattia",,"NC","SINTOMI: Malessere generale, mal di gola, voce sussurrata, febbre, debolezza. 

Il PG deve riposare per almeno cinque minuti dopo ogni combattimento senza impegnarsi in nessuna attività che richieda sforzo fisico o mentale. Se ciò non accade, il PG sarà inabile, non potrà correre e in mischia potrà solo difendersi. 

Se non viene trattata entro la giornata, chiamare un master.",,"2024-05-21 11:08:14","nascosto"
"348","Febbre reumatica - Stadio 3","malattia",,"NC","SINTOMI: Malessere generale, mal di gola, voce sussurrata, febbre, noduli alla gola.

Il PG deve riposare per almeno cinque minuti dopo ogni combattimento senza impegnarsi in nessuna attività che richieda sforzo fisico o mentale. Se ciò non accade, il PG sarà inabile, non potrà correre e in mischia potrà solo difendersi. 

Se non viene trattata entro la giornata, chiamare un master.",,"2024-05-21 11:08:34","nascosto"
"349","Cleptomania","malattia",,"NC","SINTOMI: Battito accelerato, paranoia, alternanza emozionale.  

Il PG è obbligato a tentare di derubare una persona ignara. Se subisce la chiamata SINCERITA’ per essere interrogato riguardo un furto, rivela la dinamica dell’accaduto con rimorso, senso di colpa, vergogna e paura.  

Se alla fine della giornata il PG non ha compiuto alcun furto, chiamare un master.",,"2024-05-21 11:09:07","nascosto"
"350","Sepsi fulminante","malattia",,"NC","SINTOMI: Rossore, calore e dolore attorno a una ferita (anche se guarita).

Il PG subisce ARTEFATTO DOLORE ogni volta che muove la zona ove è visibile la ferita. 

Se non viene trattata entro un’ora, chiamare un master.",,"2024-05-21 11:09:51","nascosto"
"351","Sepsi fulminante - Stadio 2","malattia",,"NC","SINTOMI: Rossore, calore e dolore attorno a una ferita (anche se guarita), febbre, malessere generale, debolezza generale.

Il PG subisce ARTEFATTO DOLORE ogni volta che muove la zona ove è visibile la ferita. Il PG è soggetto alla chiamata DEBOLEZZA, non può correre ma può difendersi in mischia.

Se non viene trattata entro un’ora, chiamare un master.",,"2024-05-21 11:10:10","nascosto"
"352","Sepsi fulminante - Stadio 3","malattia",,"NC","SINTOMI: Rossore, calore e dolore attorno a una ferita (anche se guarita), febbre, malessere, debolezza , stato semi-comatoso, emissione di parole e suoni sconnessi. 

Il PG subisce ARTEFATTO DOLORE ogni volta che muove la zona ove è visibile la ferita. Il PG è soggetto alla chiamata DEBOLEZZA, non può correre ma può difendersi in mischia, non può usare abilità che richiedano l'uso della parola. Il PG subisce la chiamata A TERRA se non sostenuto fisicamente da un altro PG. 

Se non viene trattata entro un’ora, chiamare un master.",,"2024-05-21 11:10:31","nascosto"
"353","Congiuntivite","malattia",,"NC","SINTOMI: gonfiore delle palpebre, arrossamento degli occhi, prurito, bruciore.

Il PG non può utilizzare armi da lancio, da tiro, da fuoco, incantesimi, invocazioni e tutto ciò sia a distanza o che richieda l’uso della mira. 
Quando subisce la chiamata CECITA’, dura 20 secondi anziché 10. 

Se non viene trattata entro la fine della giornata, chiamare un master.",,"2024-05-21 11:11:08","nascosto"
"354","Salmonella","malattia",,"NC","SINTOMI: nausea, diarrea, dolori addominali.

Il PG non può assumere alcun oggetto da ingestione: quando lo fa subisce la chiamata ARTEFATTO DOLORE e gli effetti di quanto ingerito non si attivano. Fanno eccezione veleni e rimedi. 

Se non viene trattata entro la fine della giornata, chiamare un master.",,"2024-05-21 11:11:27","nascosto"
"355","Tachicardia","malattia",,"NC","SINTOMI: respiro corto, senso di svenimento, battito accelerato, dolore al petto

Il PG è particolarmente sensibile agli sforzi fisici. Quando subisce le chiamate FURIA o AGGRO, dichiara “CONVERTO” e subisce al loro posto “ARTEFATTO COMA”.

Se non viene trattata entro la fine della giornata, chiamare un master.",,"2024-05-21 11:12:03","nascosto"
"356","Artrite","malattia",,"NC","SINTOMI:  rigidità articolare, dolore localizzato alle mani, tumefazione.

 Il PG ha dolore e rigidità alle mani. Non può utilizzare armi e scudi, craftare o in generale fare qualsiasi cosa che richieda precisione o resistenza da parte delle mani.
Quando subisce la chiamata DISARMO, dura 20 secondi anziché 10. 

Se non viene trattata entro la fine della giornata, chiamare un master.",,"2024-05-21 11:12:24","nascosto"
"357","Dipendenza da sostanza","malattia",,"NC","SINTOMI: Battito accelerato, paranoia, ansia. 

Il PG è obbligato ad assumere almeno un cartellino droga per ogni giorno di gioco. 

Se non viene trattata entro la giornata, chiamare un master.",,"2024-05-21 11:13:05","nascosto"
"358","Intossicazione da metalli pesanti (Stagno)","malattia",,"NC","SINTOMI: Malessere generale, irritabilità, sangue fluidificato.

Le chiamate abbinate alla chiamata VELENO si attivano dopo cinque secondi anziché dieci. 

Se non viene trattata entro la fine della giornata, chiamare un master.",,"2024-05-21 11:15:32","nascosto"
"359","Intossicazione da metalli pesanti (Stagno) - Stadio 2","malattia",,"NC","SINTOMI: Malessere generale, irritabilità, sangue fluidificato, assenza di olfatto e gusto.

Le chiamate abbinate alla chiamata VELENO si attivano dopo cinque secondi anziché dieci. Il PG non è più in grado di individuare, lavorare o maneggiare i veleni fintanto che è intossicato. 

Se non viene trattata entro la fine della giornata, chiamare un master.",,"2024-05-21 11:15:51","nascosto"
"360","Intossicazione da metalli pesanti (Piombo)","malattia",,"NC","SINTOMI: Malessere generale, irritabilità, sangue fluidificato. 

Le chiamate abbinate alla chiamata VELENO si attivano dopo cinque secondi anziché dieci. 

Se non viene trattata entro la fine della giornata, chiamare un master.",,"2024-05-21 11:17:17","nascosto"
"361","Intossicazione da metalli pesanti (Piombo) - Stadio 2","malattia",,"NC","SINTOMI: Malessere generale, irritabilità, sangue fluidificato. 

Le chiamate abbinate alla chiamata VELENO si attivano immediatamente anziché dopo dieci secondi.  

Se non viene trattata entro la fine della giornata, chiamare un master.",,"2024-05-21 11:17:44","nascosto"
"362","Intossicazione da metalli pesanti (Ferro e Rame)","malattia",,"NC","SINTOMI: Malessere generale, irritabilità, sangue fluidificato.

Le chiamate abbinate alla chiamata VELENO si attivano dopo cinque secondi anziché dieci. 

Se non viene trattata entro la fine della giornata, chiamare un master.",,"2024-05-21 11:18:18","nascosto"
"363","Intossicazione da metalli pesanti (Ferro e Rame) - Stadio 2","malattia",,"NC","SINTOMI: Malessere generale, irritabilità, sangue fluidificato.

Ogni cartellino veleno che si assume ed ogni chiamata VELENO che si subisce viene convertita in ARTEFATTO DIRETTO al petto. 

Se non viene trattata entro la fine della giornata, chiamare un master.",,"2024-05-21 11:18:47","nascosto"
"364","Vulnerabilità al clima torrido","malattia",,"-nessuno-","Quando contrai la malattia ""Colpo di calore - Stadio 1"" la contrai come ""Colpo di Calore - Stadio 2"" (richiedere il cartellino in aula staff se non viene dato automaticamente). Nei sintomi che manifesterai avrai in aggiunta un delirio da febbre con allucinazioni in cui percepirai le voci dei raccoglitori di piante di Baria e vedrai ombre minacciose dove non ci sono. 

Se si vuole interagire con la malattia, chiamare il Master Giacomo.",,"2024-05-24 14:26:57","nascosto"
"365","Favore della Trama - Annesso alla Trama","speciale",,"-nessuno-","Chi possiede questo cartellino è legato alla Trama ad un livello superiore e in maniera invincolabile. Puoi attaccare al tuo grimorio le pagine rituali e castarli come se fossero incantesimi, in maniera istantanea e senza usare componenti. 
Dopo ogni cast rituale, il personaggio subisce ARTEFATTO SILENZIO TEMPO UN MINUTO",,"2024-05-24 15:22:30","nascosto"
"366","Favore degli Dèi - Voce degli Dèi","speciale",,"-nessuno-","Chi possiede questo cartellino rappresenta la presenza degli Dèi sulla Terra, nonché il loro volere e voce. Quando provi a parlare non riesci, ma dichiari ESPLOSIONE ARTEFATTO DISINTEGRAZIONE.",,"2024-05-24 15:23:33","nascosto"
"367","Favore delle Stelle - Congiunzione astrale","speciale",,"-nessuno-","Chi possiede questo cartellino ha tutte le costellazioni conosciute incise sul corpo. Il PNG Primo Veggente Stellato può attivarle tramite una formula di invocazione. Quando questo succede, il possessore del cartellino entra nello stato di FURIA per un minuto, guadagna 10 PR temporanei e può utilizzare la Manovra Critico-Diretto-Coma",,"2024-05-24 15:24:07","nascosto"
"368","Favore dei Mari - Maelstrom","speciale",,"-nessuno-","Chi possiede questo cartellino ha dalla sua il favore del mare e dei venti. Fintanto che non impugni un’arma dichiari IMMUNE a tutte le chiamate che non siano precedute da ARTEFATTO. Fintanto che impugni una Pistola e hai con te il Codice, puoi dichiarare MORTALE con essa su un bersaglio.",,"2024-05-24 15:25:20","nascosto"
"369","Rapa rossa bollita","oggetto","alimentare","C","Il PG che consuma questo cibo subisce ""NEUTRALIZZA CECITA'""",,"2024-05-27 13:50:08","nascosto"
"370","Patate bollite","oggetto","alimentare","C","Il PG che consuma questo cibo subisce ""NEUTRALIZZA INTRALCIARE""",,"2024-05-27 13:50:49","nascosto"
"371","Polpette dolci","oggetto","alimentare","C","Il PG che consuma questo cibo subisce ""NEUTRALIZZA A TERRA""",,"2024-05-27 13:51:15","nascosto"
"372","Pane rosso dolce","oggetto","alimentare","C","Il PG che consuma questo cibo subisce ""NEUTRALIZZA CHARME""",,"2024-05-27 13:51:37","nascosto"
"373","Verdure bollite","oggetto","alimentare","C","Il PG che consuma questo cibo subisce ""NEUTRALIZZA CONFUSIONE""",,"2024-05-27 13:52:01","nascosto"
"374","Frittata di verdure","oggetto","alimentare","C","Il PG che consuma questo cibo subisce ""NEUTRALIZZA DEBOLEZZA""",,"2024-05-27 13:52:38","nascosto"
"375","Guazzetto di pesce","oggetto","alimentare","C","Il PG che consuma questo cibo subisce ""NEUTRALIZZA SILENZIO""",,"2024-05-27 13:53:14","nascosto"
"376","Brodo leggero","oggetto","alimentare","C","Il PG che lo consuma deve dichiarare IMMUNE A BLAM fino alla fine del prossimo incontro. ATTENZIONE: consumare un altro cibo elimina l'effetto di questo cartellino.",,"2024-05-27 13:54:05","nascosto"
"377","Pesce al vapore","oggetto","alimentare","C","Il PG che lo consuma deve dichiarare IMMUNE A CHOP STORDISCI fino alla fine del prossimo incontro. ATTENZIONE: consumare un altro cibo elimina l'effetto di questo cartellino.",,"2024-05-27 13:54:46","nascosto"
"378","Contorno di terra","oggetto","alimentare","C","Il PG che lo consuma deve dichiarare IMMUNE AD ARGENTO fino alla fine del prossimo incontro. ATTENZIONE: consumare un altro cibo elimina l'effetto di questo cartellino.",,"2024-05-27 13:55:15","nascosto"
"379","Pepite di pollo fritte","oggetto","alimentare","C","Il PG che lo consuma deve dichiarare IMMUNE A CONFUSIONE fino alla fine del prossimo incontro. ATTENZIONE: consumare un altro cibo elimina l'effetto di questo cartellino.",,"2024-05-27 13:55:46","nascosto"
"380","Scaloppine al latte","oggetto","alimentare","C","Il PG che lo consuma deve dichiarare IMMUNE A CECITA' fino alla fine del prossimo incontro. ATTENZIONE: consumare un altro cibo elimina l'effetto di questo cartellino.",,"2024-05-27 13:56:11","nascosto"
"381","Pollo arrostito con contorno","oggetto","alimentare","C","Il PG che lo consuma deve dichiarare IMMUNE A BLAM STORDISCI fino alla fine del prossimo incontro. ATTENZIONE: consumare un altro cibo elimina l'effetto di questo cartellino.",,"2024-05-27 13:56:34","nascosto"
"382","Secondo con contorno","oggetto","alimentare","C","Il PG che lo consuma deve dichiarare IMMUNE A CHOP fino alla fine del prossimo incontro. ATTENZIONE: consumare un altro cibo elimina l'effetto di questo cartellino.",,"2024-05-27 13:57:24","nascosto"
"383","Pane secchissimo","oggetto","alimentare","C","Il PG che lo consuma deve dichiarare IMMUNE A STABILIZZATO fino alla fine del prossimo incontro. ATTENZIONE: consumare un altro cibo elimina l'effetto di questo cartellino.",,"2024-05-27 13:58:00","nascosto"
"384","Ciotola del mattino","oggetto","alimentare","C","Il PG che lo consuma deve dichiarare IMMUNE AD ACIDO fino alla fine del prossimo incontro. ATTENZIONE: consumare un altro cibo elimina l'effetto di questo cartellino.",,"2024-05-27 13:58:21","nascosto"
"385","Pepite di pesce fritte","oggetto","alimentare","C","Il PG che lo consuma deve dichiarare IMMUNE A SILENZIO fino alla fine del prossimo incontro. ATTENZIONE: consumare un altro cibo elimina l'effetto di questo cartellino.",,"2024-05-27 13:58:48","nascosto"
"386","Purè","oggetto","alimentare","C","Il PG che lo consuma deve dichiarare IMMUNE AD EMPIO fino alla fine del prossimo incontro. ATTENZIONE: consumare un altro cibo elimina l'effetto di questo cartellino.",,"2024-05-27 13:59:10","nascosto"
"387","Tortino di patate","oggetto","alimentare","C","Il PG che lo consuma deve dichiarare IMMUNE A FUOCO fino alla fine del prossimo incontro. ATTENZIONE: consumare un altro cibo elimina l'effetto di questo cartellino.",,"2024-05-27 13:59:33","nascosto"
"388","Trota con contorno","oggetto","alimentare","C","Il PG che lo consuma deve dichiarare IMMUNE A SANGUIS fino alla fine del prossimo incontro. ATTENZIONE: consumare un altro cibo elimina l'effetto di questo cartellino.",,"2024-05-27 13:59:55","nascosto"
"389","Impastata","oggetto","alimentare","C","Il PG che lo consuma deve dichiarare IMMUNE A CHARME fino alla fine del prossimo incontro. ATTENZIONE: consumare un altro cibo elimina l'effetto di questo cartellino.",,"2024-05-27 14:00:14","nascosto"
"390","Insalatona croccante","oggetto","alimentare","C","Il PG che lo consuma deve dichiarare IMMUNE A SACRO fino alla fine del prossimo incontro. ATTENZIONE: consumare un altro cibo elimina l'effetto di questo cartellino.",,"2024-05-27 14:00:36","nascosto"
"391","Ribollita selvatica","oggetto","alimentare","NC","Il PG che lo consuma deve dichiarare IMMUNE A CRITICO fino alla fine del prossimo incontro. ATTENZIONE: consumare un altro cibo elimina l'effetto di questo cartellino.",,"2024-05-27 14:01:50","nascosto"
"392","Frittata rossa","oggetto","alimentare","NC","Il PG che lo consuma deve dichiarare IMMUNE A SONNO fino alla fine del prossimo incontro. ATTENZIONE: consumare un altro cibo elimina l'effetto di questo cartellino.",,"2024-05-27 14:02:34","nascosto"
"393","Palline rosse dolci","oggetto","alimentare","NC","Il PG che lo consuma deve dichiarare IMMUNE A SINCERITA' fino alla fine del prossimo incontro. ATTENZIONE: consumare un altro cibo elimina l'effetto di questo cartellino.",,"2024-05-27 14:02:56","nascosto"
"394","Involtino ripieno","oggetto","alimentare","NC","Il PG che lo consuma deve dichiarare IMMUNE AD AGGRO fino alla fine del prossimo incontro. ATTENZIONE: consumare un altro cibo elimina l'effetto di questo cartellino.",,"2024-05-27 14:03:23","nascosto"
"395","Panino alle uova","oggetto","alimentare","NC","Il PG che lo consuma deve dichiarare IMMUNE A FURIA fino alla fine del prossimo incontro. ATTENZIONE: consumare un altro cibo elimina l'effetto di questo cartellino.",,"2024-05-27 14:03:50","nascosto"
"396","Arrosto selvatico","oggetto","alimentare","NC","Il PG che lo consuma deve dichiarare IMMUNE A CRITICO STORDISCI fino alla fine del prossimo incontro. ATTENZIONE: consumare un altro cibo elimina l'effetto di questo cartellino.",,"2024-05-27 14:04:12","nascosto"
"397","Gnocchi di zucca","oggetto","alimentare","NC","Il PG che lo consuma deve dichiarare IMMUNE A COMANDO fino alla fine del prossimo incontro. ATTENZIONE: consumare un altro cibo elimina l'effetto di questo cartellino.",,"2024-05-27 14:04:47","nascosto"
"398","Timballo di mare","oggetto","alimentare","NC","Il PG che lo consuma deve dichiarare IMMUNE A DIRETTO STORDISCI fino alla fine del prossimo incontro. ATTENZIONE: consumare un altro cibo elimina l'effetto di questo cartellino.",,"2024-05-27 14:05:11","nascosto"
"399","Insalatona di mare","oggetto","alimentare","NC","Il PG che lo consuma deve dichiarare IMMUNE A DOLORE fino alla fine del prossimo incontro. ATTENZIONE: consumare un altro cibo elimina l'effetto di questo cartellino.",,"2024-05-27 14:05:31","nascosto"
"400","Pasticcio di carne","oggetto","alimentare","NC","Il PG che lo consuma dispone di +2PF fino alla fine del prossimo incontro. Non possono essere recuperati tramite cure. ATTENZIONE: consumare un altro cibo elimina l'effetto di questo cartellino.",,"2024-05-27 14:06:41","nascosto"
"401","Zuppa di pesce","oggetto","alimentare","NC","Il PG che consuma questo cibo subisce ""NEUTRALIZZA PARALISI""",,"2024-05-27 14:07:24","nascosto"
"402","Fetta saltata","oggetto","alimentare","NC","Il PG che consuma questo cibo subisce ""NEUTRALIZZA TERRORE""",,"2024-05-27 14:07:47","nascosto"
"403","Seconda colazione","oggetto","alimentare","NC","Il PG che consuma questo cibo subisce ""NEUTRALIZZA DEBOLEZZA""",,"2024-05-27 14:08:07","nascosto"
"404","Fonduta di patate","oggetto","alimentare","NC","Il PG che consuma questo cibo subisce ""NEUTRALIZZA SONNO""",,"2024-05-27 14:08:49","nascosto"
"405","Torta della selva","oggetto","alimentare","NC","Il PG che consuma questo cibo subisce ""NEUTRALIZZA DOLORE""",,"2024-05-27 14:09:13","nascosto"
"406","Pane dolce alla zucca","oggetto","alimentare","NC","Il PG che consuma questo cibo subisce ""NEUTRALIZZA VELENO""",,"2024-05-27 14:09:35","nascosto"
"407","Panipiatti","oggetto","alimentare","NC","Il PG che lo consuma deve dichiarare IMMUNE A GUARIGIONE fino alla fine del prossimo incontro. ATTENZIONE: consumare un altro cibo elimina l'effetto di questo cartellino.",,"2024-05-27 14:10:14","nascosto"
"408","Biberone","oggetto","alimentare","NC","Il PG che lo consuma deve dichiarare IMMUNE A TERRORE fino alla fine del prossimo incontro. ATTENZIONE: consumare un altro cibo elimina l'effetto di questo cartellino.",,"2024-05-27 14:10:30","nascosto"
"409","Rinforzo base - per capanna","oggetto","edilizia","C","Aumenta di 10PA la struttura su cui viene posizionata. Per applicarlo simulare una lavorazione di un minuto, poi contattare un master.",,"2024-05-27 14:12:09","nascosto"
"410","Rinforzo buono - lastroni","oggetto","edilizia","NC","Aumenta di 20PA la struttura su cui viene posizionata. Per applicarlo simulare una lavorazione di un minuto, poi contattare un master.",,"2024-05-27 14:17:02","nascosto"
"411","Taglio interno","oggetto","veleno","C","Veleno da ingestione. Può essere mescolato in cibi e bevande o consumato puro. Chi lo ingerisce subisce la chiamata TORMENTO: CHOP (al tronco).",,"2024-05-27 14:19:39","nascosto"
"412","Minerario","oggetto","veleno","C","Veleno da ingestione. Può essere mescolato in cibi e bevande o consumato puro. Chi lo ingerisce subisce la chiamata TORMENTO: ARGENTO (al tronco).",,"2024-05-27 14:20:59","nascosto"
"413","Botta allo stomaco","oggetto","veleno","C","Veleno da ingestione. Può essere mescolato in cibi e bevande o consumato puro. Chi lo ingerisce subisce la chiamata TORMENTO: BLAM (al tronco).",,"2024-05-27 14:21:43","nascosto"
"414","Herbario","oggetto","veleno","C","Veleno da ingestione. Può essere mescolato in cibi e bevande o consumato puro. Chi lo ingerisce subisce la chiamata TORMENTO: ACIDO (al tronco).",,"2024-05-27 14:22:03","nascosto"
"415","Animalio","oggetto","veleno","C","Veleno da ingestione. Può essere mescolato in cibi e bevande o consumato puro. Chi lo ingerisce subisce la chiamata TORMENTO: SANGUIS (al tronco).",,"2024-05-27 14:22:21","nascosto"
"416","Penitenza del Santo","oggetto","veleno","C","Veleno da ingestione. Può essere mescolato in cibi e bevande o consumato puro. Chi lo ingerisce subisce la chiamata TORMENTO: EMPIO (al tronco).",,"2024-05-27 14:23:02","nascosto"
"417","Fragilmenta","oggetto","veleno","C","Veleno da ingestione. Può essere mescolato in cibi e bevande o consumato puro. Chi lo ingerisce subisce la chiamata TORMENTO: CONFUSIONE.",,"2024-05-27 14:23:28","nascosto"
"418","Spettralia","oggetto","veleno","C","Veleno da ingestione. Può essere mescolato in cibi e bevande o consumato puro. Chi lo ingerisce subisce la chiamata TORMENTO: SPINTA.",,"2024-05-27 14:23:55","nascosto"
"419","Gambe di burro","oggetto","veleno","C","Veleno da ingestione. Può essere mescolato in cibi e bevande o consumato puro. Chi lo ingerisce subisce la chiamata TORMENTO: A TERRA.",,"2024-05-27 14:24:15","nascosto"
"420","Fantasmania","oggetto","veleno","C","Veleno da ingestione. Può essere mescolato in cibi e bevande o consumato puro. Chi lo ingerisce subisce la chiamata TORMENTO: INTRALCIARE.",,"2024-05-27 14:27:00","nascosto"
"421","Amicoria","oggetto","veleno","C","Veleno da ingestione. Può essere mescolato in cibi e bevande o consumato puro. Chi lo ingerisce subisce la chiamata TORMENTO: CHARME (verso la prima persona che vede).",,"2024-05-27 14:28:19","nascosto"
"422","Sensibilio","oggetto","veleno","C","Veleno da ingestione. Può essere mescolato in cibi e bevande o consumato puro. Chi lo ingerisce subisce la chiamata TORMENTO: CECITA’.",,"2024-05-27 14:28:54","nascosto"
"423","Arsione","oggetto","veleno","C","Veleno da ingestione. Può essere mescolato in cibi e bevande o consumato puro. Chi lo ingerisce subisce la chiamata TORMENTO: FUOCO (al tronco).",,"2024-05-27 14:29:13","nascosto"
"424","Magidisfatta","oggetto","veleno","C","Veleno da ingestione. Può essere mescolato in cibi e bevande o consumato puro. Chi lo ingerisce subisce la chiamata TORMENTO: SILENZIO.",,"2024-05-27 14:29:39","nascosto"
"425","Dolore dell'Eretico","oggetto","veleno","C","Veleno da ingestione. Può essere mescolato in cibi e bevande o consumato puro. Chi lo ingerisce subisce la chiamata TORMENTO: SACRO (al tronco).",,"2024-05-27 14:30:03","nascosto"
"426","Profumo intenso","oggetto","veleno","C","Veleno spalmabile. Fino alla fine dell'INCONTRO, puoi dichiarare VELENO CONFUSIONE ad un bersaglio una volta. Applicabile solo sulle vesti.",,"2024-05-27 14:31:22","nascosto"
"427","Spinario","oggetto","veleno","C","Veleno spalmabile. Fino alla fine dell'INCONTRO, il prossimo colpo che porti con un'arma devi dichiarare VELENO INTRALCIARE. Non applicabile sulle armi da fuoco.",,"2024-05-27 14:32:14","nascosto"
"428","Forzaria","oggetto","veleno","C","Veleno spalmabile. Fino alla fine dell'INCONTRO, il prossimo colpo che porti con un'arma devi dichiarare VELENO SPINTA. Non applicabile sulle armi da fuoco.",,"2024-05-27 14:32:34","nascosto"
"429","Abbactio","oggetto","veleno","C","Veleno spalmabile. Fino alla fine dell'INCONTRO, il prossimo colpo che porti con un'arma devi dichiarare VELENO A TERRA. Non applicabile sulle armi da fuoco.",,"2024-05-27 14:33:05","nascosto"
"430","Siero della Verità","oggetto","pozione","C","Il personaggio non può mentire alla prossima domanda che riceverà, ma può rifiutarsi di parlare o anche omettere.",,"2024-05-27 14:33:55","nascosto"
"431","Colpo di testa","oggetto","veleno","C","Veleno spalmabile. Fino alla fine dell'INCONTRO, il prossimo colpo che porti con un'arma devi dichiarare VELENO STORDISCI. Non applicabile sulle armi da fuoco.",,"2024-05-27 14:34:20","nascosto"
"432","Balbettamente","oggetto","veleno","C","Veleno spalmabile. Fino alla fine dell'INCONTRO, il prossimo colpo che porti con un'arma devi dichiarare VELENO SILENZIO. Non applicabile sulle armi da fuoco.",,"2024-05-27 14:34:38","nascosto"
"433","Profumo della simpatia","oggetto","veleno","C","Veleno spalmabile. Fino alla fine dell'INCONTRO, puoi dichiarare VELENO CHARME ad un bersaglio una volta. Applicabile solo sulle vesti.",,"2024-05-27 14:35:17","nascosto"
"434","Trappola per topi","oggetto","trappola","C","Trappola. E' inerme fintanto che non viene posizionata. Il PG che legge il cartellino lo deve strappare e subire la chiamata ""DOLORE"" dichiarandola ad alta voce.",,"2024-05-27 14:37:35","nascosto"
"435","Rete a caduta","oggetto","trappola","C","Trappola. E' inerme fintanto che non viene posizionata. Il PG che legge il cartellino lo deve strappare e subire la chiamata ""ESPLOSIONE A TERRA INTRALCIARE"" dichiarandola ad alta voce.",,"2024-05-27 14:38:02","nascosto"
"436","Cappio per coniglio","oggetto","trappola","C","Trappola. E' inerme fintanto che non viene posizionata. Il PG che legge il cartellino lo deve strappare e subire la chiamata ""INTRALCIARE"" dichiarandola ad alta voce.",,"2024-05-27 14:38:57","nascosto"
"437","Triboli","oggetto","trappola","C","Trappola. E' inerme fintanto che non viene posizionata. Il PG che legge il cartellino lo deve strappare e subire la chiamata ""CHOP (alle gambe) INTRALCIARE"" dichiarandola ad alta voce.",,"2024-05-27 14:39:45","nascosto"
"438","Scherzone del pirata","oggetto","trappola","C","Trappola. E' inerme fintanto che non viene posizionata. Il PG che legge il cartellino lo deve strappare e subire la chiamata ""ESPLOSIONE FUOCO"" dichiarandola ad alta voce.",,"2024-05-27 14:40:37","nascosto"
"439","Dardo celato","oggetto","trappola","C","Trappola. E' inerme fintanto che non viene posizionata. Il PG che legge il cartellino lo deve strappare e subire la chiamata ""CHOP (al tronco) DOLORE"" dichiarandola ad alta voce.",,"2024-05-27 14:41:09","nascosto"
"440","Detriti a caduta","oggetto","trappola","NC","Trappola. E' inerme fintanto che non viene posizionata. Il PG che legge il cartellino lo deve strappare e subire la chiamata ""ESPLOSIONE CRITICO A TERRA"" dichiarandola ad alta voce.",,"2024-05-27 14:41:38","nascosto"
"441","Cappi per conigli","oggetto","trappola","NC","Trappola. E' inerme fintanto che non viene posizionata. Il PG che legge il cartellino lo deve strappare e subire la chiamata ""INTRALCIARE IN QUEST'AREA"" dichiarandola ad alta voce.",,"2024-05-27 14:42:09","nascosto"
"442","Buco invisibile","oggetto","trappola","NC","Trappola. E' inerme fintanto che non viene posizionata. Il PG che legge il cartellino lo deve strappare e subire la chiamata ""ESPLOSIONE A TERRA"" dichiarandola ad alta voce.",,"2024-05-27 14:42:49","nascosto"
"443","Dardi celati","oggetto","trappola","NC","Trappola. E' inerme fintanto che non viene posizionata. Il PG che legge il cartellino lo deve strappare e subire la chiamata ""ESPLOSIONE CHOP (al tronco) DOLORE"" dichiarandola ad alta voce.",,"2024-05-27 14:43:21","nascosto"
"444","Ferita mnemonica","oggetto","veleno","NC","Veleno spalmabile. Fino alla fine dell'INCONTRO, il prossimo colpo che porti con un'arma devi dichiarare VELENO AMNESIA. Non applicabile sulle armi da fuoco.",,"2024-05-27 14:45:48","nascosto"
"445","Crocatore","oggetto","veleno","NC","Veleno spalmabile. Fino alla fine dell'INCONTRO, il prossimo colpo che porti con un'arma devi dichiarare VELENO FRATTURA. Non applicabile sulle armi da fuoco.",,"2024-05-27 14:46:57","nascosto"
"446","Tensione momentanea","oggetto","veleno","NC","Veleno spalmabile. Fino alla fine dell'INCONTRO, il prossimo colpo che porti con un'arma devi dichiarare VELENO PARALISI. Non applicabile sulle armi da fuoco.",,"2024-05-27 14:47:19","nascosto"
"447","Scottante","oggetto","veleno","NC","Veleno spalmabile. Fino alla fine dell'INCONTRO, il prossimo colpo che porti con un'arma devi dichiarare VELENO DOLORE. Non applicabile sulle armi da fuoco.",,"2024-05-27 14:47:53","nascosto"
"448","Buona notte","oggetto","veleno","NC","Veleno spalmabile. Fino alla fine dell'INCONTRO, il prossimo colpo che porti con un'arma devi dichiarare VELENO SONNO. Non applicabile sulle armi da fuoco.",,"2024-05-27 14:48:13","nascosto"
"449","Brutto momento","oggetto","veleno","NC","Veleno spalmabile. Fino alla fine dell'INCONTRO, il prossimo colpo che porti con un'arma devi dichiarare VELENO TERRORE. Non applicabile sulle armi da fuoco.",,"2024-05-27 14:48:40","nascosto"
"450","Mano morta","oggetto","veleno","NC","Veleno spalmabile. Fino alla fine dell'INCONTRO, il prossimo colpo che porti con un'arma devi dichiarare VELENO DISARMO. Non applicabile sulle armi da fuoco.",,"2024-05-27 14:49:32","nascosto"
"451","Filtro d'Amore","oggetto","veleno","NC","Veleno spalmabile. Fino alla fine dell'INCONTRO, puoi dichiarare VELENO COMANDO: X ad un bersaglio una volta. Applicabile solo sulle vesti. (Puoi scegliere cosa sia X).",,"2024-05-27 14:51:16","nascosto"
"452","Profumo all'ambra forte","oggetto","veleno","NC","Veleno spalmabile. Fino alla fine dell'INCONTRO, puoi dichiarare VELENO AGGRO ad un bersaglio una volta. Applicabile solo sulle vesti.",,"2024-05-27 14:51:45","nascosto"
"453","Pozione della vista","oggetto","pozione","NC","Permette di vedere i PG nascosti per 5 minuti.",,"2024-05-27 14:52:33","nascosto"
"454","Pozione della verità","oggetto","pozione","NC","Il PG su cui viene usato non può mentire per cinque minuti, ma può rifiutarsi di parlare o anche omettere.",,"2024-05-27 14:53:24","nascosto"
"455","Unguento mimetico","oggetto","pozione","NC","Il PG che lo consuma fino alla fine del prossimo INCONTRO può usare l'abilità Nascondersi 1 per una volta come se la possedesse.",,"2024-05-27 14:54:18","nascosto"
"456","Dormiglione Felice","oggetto","pozione","NC","Unguento lenitivo, ma soporifero. Usato su un bersaglio permette di dichiarare GUARIGIONE, SONNO TEMPO 1 MIN.",,"2024-05-27 14:56:23","nascosto"
"457","Crepatura","oggetto","veleno","NC","Veleno spalmabile. Fino alla fine dell'INCONTRO, il prossimo colpo che porti con un'arma devi dichiarare VELENO CRASH. Non applicabile sulle armi da fuoco.",,"2024-05-27 14:57:06","nascosto"
"458","Profumo all'ambra dolce","oggetto","veleno","NC","Veleno spalmabile. Fino alla fine dell'INCONTRO, puoi dichiarare VELENO FURIA ad un bersaglio una volta. Applicabile solo sulle vesti.",,"2024-05-27 14:58:12","nascosto"
"459","Lacerazione interiore","oggetto","veleno","NC","Veleno da ingestione. Può essere mescolato in cibi e bevande o consumato puro. Chi lo ingerisce subisce la chiamata TORMENTO: CRITICO (al tronco).",,"2024-05-27 14:58:55","nascosto"
"460","Ossa in polvere","oggetto","veleno","NC","Veleno da ingestione. Può essere mescolato in cibi e bevande o consumato puro. Chi lo ingerisce subisce la chiamata TORMENTO: FRATTURA. NB: FRATTURA si applica ad un arto casuale: il PG non può scegliere un arto che abbia già subito FRATTURA e che non sia stato curato.",,"2024-05-27 15:00:02","nascosto"
"461","Speranze infrante","oggetto","veleno","NC","Veleno da ingestione. Può essere mescolato in cibi e bevande o consumato puro. Chi lo ingerisce subisce la chiamata TORMENTO: TERRORE.",,"2024-05-27 15:00:25","nascosto"
"462","Tremolante","oggetto","veleno","NC","Veleno da ingestione. Può essere mescolato in cibi e bevande o consumato puro. Chi lo ingerisce subisce la chiamata TORMENTO: DISARMO.",,"2024-05-27 15:00:45","nascosto"
"463","Vedere rosso","oggetto","veleno","NC","Veleno da ingestione. Può essere mescolato in cibi e bevande o consumato puro. Chi lo ingerisce subisce la chiamata TORMENTO: FURIA.",,"2024-05-27 15:01:05","nascosto"
"464","Corpo rigido","oggetto","veleno","NC","Veleno da ingestione. Può essere mescolato in cibi e bevande o consumato puro. Chi lo ingerisce subisce la chiamata TORMENTO: PARALISI.",,"2024-05-27 15:01:32","nascosto"
"465","Nessun segreto","oggetto","veleno","NC","Veleno da ingestione. Può essere mescolato in cibi e bevande o consumato puro. Chi lo ingerisce subisce la chiamata TORMENTO: SINCERITA’.",,"2024-05-27 15:01:54","nascosto"
"466","Purgatorio","oggetto","veleno","NC","Veleno da ingestione. Può essere mescolato in cibi e bevande o consumato puro. Chi lo ingerisce subisce la chiamata TORMENTO: DOLORE.",,"2024-05-27 15:02:16","nascosto"
"467","Capro espiatorio","oggetto","veleno","NC","Veleno da ingestione. Può essere mescolato in cibi e bevande o consumato puro. Chi lo ingerisce subisce la chiamata TORMENTO: AGGRO (verso la prima persona che gli parla).",,"2024-05-27 15:02:48","nascosto"
"468","Indolenza","oggetto","veleno","NC","Veleno da ingestione. Può essere mescolato in cibi e bevande o consumato puro. Chi lo ingerisce subisce la chiamata TORMENTO: SONNO.",,"2024-05-27 15:03:09","nascosto"
"469","Antidoto base","oggetto","rimedio","C","Chi lo usa può dichiarare su un bersaglio NEUTRALIZZA VELENO o NEUTRALIZZA TORMENTO.",,"2024-05-27 15:05:32","nascosto"
"470","Antidoto migliorato","oggetto","rimedio","NC","Chi la usa sceglie due bersagli diversi: su uno dichiara NEUTRALIZZA VELENO e sull’altro dichiara NEUTRALIZZA TORMENTO.",,"2024-05-27 15:06:18","nascosto"
"471","Rimedio per Tosse Asinina","oggetto","rimedio","C","Permette di neutralizzare la malattia indicata.",,"2024-05-27 15:07:53","nascosto"
"472","Rimedio per Gastrite","oggetto","rimedio","C","Permette di neutralizzare la malattia indicata.",,"2024-05-27 15:08:13","nascosto"
"473","Rimedio per Scorbuto","oggetto","rimedio","C","Permette di neutralizzare la malattia indicata.",,"2024-05-27 15:08:30","nascosto"
"474","Rimedio per Verminosi Intestinale","oggetto","rimedio","C","Permette di neutralizzare la malattia indicata.",,"2024-05-27 15:08:52","nascosto"
"475","Rimedio per Onicomicosi","oggetto","rimedio","C","Permette di neutralizzare la malattia indicata.",,"2024-05-27 15:09:08","nascosto"
"476","Rimedio per Influenza","oggetto","rimedio","C","Permette di neutralizzare la malattia indicata.",,"2024-05-27 15:09:25","nascosto"
"477","Rimedio per Insonnia","oggetto","rimedio","C","Permette di neutralizzare la malattia indicata.",,"2024-05-27 15:09:43","nascosto"
"478","Rimedio per Congestione Intestinale","oggetto","rimedio","C","Permette di neutralizzare la malattia indicata.",,"2024-05-27 15:10:21","nascosto"
"479","Rimedio per Pediculosi","oggetto","rimedio","C","Permette di neutralizzare la malattia indicata.",,"2024-05-27 15:10:38","nascosto"
"480","Rimedio per Intossicazione alimentare","oggetto","rimedio","C","Permette di neutralizzare la malattia indicata.",,"2024-05-27 15:11:01","nascosto"
"481","Rimedio per Infezione da ferita","oggetto","rimedio","C","Permette di neutralizzare la malattia indicata.",,"2024-05-27 15:11:19","nascosto"
"482","Rimedio per Tonsillite","oggetto","rimedio","C","Permette di neutralizzare la malattia indicata.",,"2024-05-27 15:11:33","nascosto"
"483","Rimedio per Broncospasmo","oggetto","rimedio","C","Permette di neutralizzare la malattia ""Broncospasmo da inalazione di polveri"".",,"2024-05-27 15:11:57","nascosto"
"484","Rimedio per Colpo di calore","oggetto","rimedio","C","Permette di neutralizzare la malattia indicata.",,"2024-05-27 15:12:22","nascosto"
"485","Rimedio per Tifo","oggetto","rimedio","NC","Permette di neutralizzare la malattia indicata.",,"2024-05-27 15:12:48","nascosto"
"486","Rimedio per Vaiolo Minore","oggetto","rimedio","NC","Permette di neutralizzare la malattia indicata.",,"2024-05-27 15:13:06","nascosto"
"487","Rimedio per Intossicazione da Ferro e Rame","oggetto","rimedio","NC","Permette di neutralizzare la malattia ""Intossicazione da Metalli Pesanti (ferro e rame)"".",,"2024-05-27 15:14:06","nascosto"
"488","Rimedio per Intossicazione da Piombo","oggetto","rimedio","NC","Permette di neutralizzare la malattia ""Intossicazione da Metalli Pesanti (Piombo)"".",,"2024-05-27 15:14:31","nascosto"
"489","Rimedio per Intossicazione da Stagno","oggetto","rimedio","NC","Permette di neutralizzare la malattia ""Intossicazione da Metalli Pesanti (Stagno)"".",,"2024-05-27 15:14:58","nascosto"
"490","Rimedio per Tachicardia","oggetto","rimedio","NC","Permette di neutralizzare la malattia indicata.",,"2024-05-27 15:15:23","nascosto"
"491","Rimedio per Salmonella","oggetto","rimedio","NC","Permette di neutralizzare la malattia indicata.",,"2024-05-27 15:15:42","nascosto"
"492","Rimedio per Malaria","oggetto","rimedio","NC","Permette di neutralizzare la malattia indicata.",,"2024-05-27 15:16:01","nascosto"
"493","Rimedio per Sepsi Fulminante","oggetto","rimedio","NC","Permette di neutralizzare la malattia indicata.",,"2024-05-27 15:16:21","nascosto"
"494","Rimedio per Cleptomania","oggetto","rimedio","NC","Permette di neutralizzare la malattia indicata.",,"2024-05-27 15:16:42","nascosto"
"495","Rimedio per Colera","oggetto","rimedio","NC","Permette di neutralizzare la malattia indicata.",,"2024-05-27 15:16:58","nascosto"
"496","Rimedio per Febbre Reumatica","oggetto","rimedio","NC","Permette di neutralizzare la malattia indicata.",,"2024-05-27 15:17:16","nascosto"
"497","Rimedio per Artrite","oggetto","rimedio","NC","Permette di neutralizzare la malattia indicata.",,"2024-05-27 15:17:30","nascosto"
"498","Rimedio per Congiuntivite","oggetto","rimedio","NC","Permette di neutralizzare la malattia indicata.",,"2024-05-27 15:17:48","nascosto"
"499","Rimedio per Morbillo","oggetto","rimedio","NC","Permette di neutralizzare la malattia indicata.",,"2024-05-27 15:18:03","nascosto"
"500","Sterilizzante","oggetto","mercati generali","C","Si usa per disinfettare e per ridurre le probabilità di contrarre malattie.",,"2024-05-27 15:18:50","nascosto"
"501","Stasi lenta","oggetto","rimedio","C","Veleno benefico. Chi lo consuma subisce la chiamata ""VELENO STABILIZZATO"".",,"2024-05-27 15:19:32","nascosto"
"502","Ripresa rapida","oggetto","rimedio","NC","Veleno benefico dal sapore orrendo. Chi lo consuma subisce la chiamata ""VELENO GUARIGIONE"".",,"2024-05-27 15:20:29","nascosto"
"503","Sospensoria","oggetto","rimedio","C","Allunga di 1 minuto lo stato SANGUINANTE di un PG.",,"2024-05-27 15:20:59","nascosto"
"504","Ritardante buono","oggetto","rimedio","NC","Allunga di 5 minuti lo stato MORENTE di un PG.",,"2024-05-27 15:21:42","nascosto"
"505","Cicatrizzante buono","oggetto","rimedio","C","Se usato su un PG ferito durante le cure, una volta terminata la pezza medica permette di dichiarare ""GUARIGIONE"" sullo stesso bersaglio una volta in più.",,"2024-05-27 15:22:39","nascosto"
"506","Cicatrizzante migliorato","oggetto","rimedio","NC","Se usato su un PG ferito durante le cure, una volta terminata la pezza medica permette di dichiarare ""GUARIGIONE"" sullo stesso bersaglio due volte in più.",,"2024-05-27 15:23:05","nascosto"
"507","Sostegno del Cerusico","oggetto","rimedio","NC","Pozione da ingestione. Il PG che la consuma subisce GUARIGIONE.",,"2024-05-27 15:24:43","nascosto"
"508","Rimedio per Dipendenza da Sostanza","oggetto","rimedio","NC","Permette di neutralizzare la malattia indicata.",,"2024-05-27 15:25:13","nascosto"
"509","Stabilizzante","oggetto","rimedio","C","Il PG che lo consuma subisce la chiamata STABILIZZATO.",,"2024-05-27 15:25:56","nascosto"
"510","Ritardante base","oggetto","rimedio","C","Allunga di 1 minuto lo stato MORENTE di un PG.",,"2024-05-27 15:26:27","nascosto"
"511","Punturina","oggetto","rimedio","C","Sospende un sintomo di una malattia per un'ora.",,"2024-05-27 15:27:02","nascosto"
"512","Puntura","oggetto","rimedio","NC","Sospende due sintomi di una malattia per un'ora.",,"2024-05-27 15:27:45","nascosto"
"513","Sospensoria buona","oggetto","rimedio","NC","Allunga di 3 minuti lo stato SANGUINANTE di un PG.",,"2024-05-27 15:29:00","nascosto"
"514","Anellino in argento","oggetto","prezioso","C","Un anello in argento, fine e molto semplice.",,"2024-05-27 15:33:08","nascosto"
"515","Polvere rituale di Anatemium","oggetto","prezioso","C","Polvere ricavata dalla lavorazione delle gemme. Se utilizzata in un rituale ne aumenta di poco le probabilità di riuscita.",,"2024-05-27 15:33:56","nascosto"
"516","Ciondolo di corallo","oggetto","prezioso","C","Una collana il cui centro è un bel pezzo di corallo lavorato.",,"2024-05-27 15:34:34","nascosto"
"517","Riflesso del mare","oggetto","prezioso","C","Collana a base di corallo e pietre  colorate.",,"2024-05-27 15:35:00","nascosto"
"518","Orecchini di ematite","oggetto","prezioso","C","Un paio di orecchini di ematite pura, particolarmente scuri e lucenti.",,"2024-05-27 15:35:29","nascosto"
"519","Orecchini di perle","oggetto","prezioso","C","Un paio di orecchini di perle chiare su montatura argento, molto semplici.",,"2024-05-27 15:36:00","nascosto"
"520","Pendente in tormalina","oggetto","prezioso","C","Una collana il cui centro è un bel cristallo di tormalina lucente.",,"2024-05-27 15:36:28","nascosto"
"521","Bracciale marino","oggetto","prezioso","C","Bracciale con montatura interamente di corallo e perle incastonate.",,"2024-05-27 15:37:05","nascosto"
"522","Bracciale scuro","oggetto","prezioso","C","Un bracciale di tormalina ed ematite, particolarmente cupo.",,"2024-05-27 15:37:31","nascosto"
"523","Girocollo ombraluce","oggetto","prezioso","C","Collana girocollo con incastonati pezzi di ossidiana e fluorite: crea giochi di luce e ombra sulla pelle.",,"2024-05-27 15:38:03","nascosto"
"524","Collana di perle","oggetto","prezioso","C","Una collana fatta interamente di perle chiare.",,"2024-05-27 15:38:25","nascosto"
"525","Anello di tormalina","oggetto","prezioso","C","Un anello il cui centro è un cristallo di tormalina, piccolo e scuro ma ben levigato.",,"2024-05-27 15:39:16","nascosto"
"526","Preziosità rituale di Minerarium","oggetto","prezioso","NC","Polvere fine ricavata dalla lavorazione delle gemme. Se utilizzata in un rituale ne aumenta di poco le probabilità di riuscita.",,"2024-05-27 15:40:46","nascosto"
"527","Monile d'ambra","oggetto","prezioso","NC","Una collana il cui centro è un bel pezzo di ambra ben lavorato.",,"2024-05-27 15:41:15","nascosto"
"528","Pendente in ametista","oggetto","prezioso","NC","Una collana il cui centro è un bel pezzo di ametista ben lavorato.",,"2024-05-27 15:41:37","nascosto"
"529","Fede nuziale","oggetto","prezioso","NC","Anelli consacrati, indispensabili per sposarsi secondo la tradizione.",,"2024-05-27 15:42:21","nascosto"
"530","Uovo di fabergetto","oggetto","prezioso","NC","Un gioiello a forma di  uovo apribile, cavo all'interno. Permette di conservare una risorsa oltre la sua data di scadenza.",,"2024-05-27 15:43:04","nascosto"
"531","Pugnale cerimoniale di Animalium","oggetto","prezioso","NC","Pugnale rituale, ben lavorato e intarsiato di piccoli coralli rossi.",,"2024-05-27 15:43:40","nascosto"
"532","Pugnale cerimoniale di Herbarium","oggetto","prezioso","NC","Pugnale rituale, ben lavorato e intarsiato con piccole schegge verdi.",,"2024-05-27 15:44:19","nascosto"
"533","Pugnale cerimoniale di Minerarium","oggetto","prezioso","NC","Pugnale rituale, ben lavorato e intarsiato di piccole schegge color terra.",,"2024-05-27 15:45:03","nascosto"
"534","Spilla cupa","oggetto","prezioso","NC","Una spilla raffinata, nonostante i colori scuri che la permeano.",,"2024-05-27 15:45:30","nascosto"
"535","Cammeo verdosso","oggetto","prezioso","NC","Un piccolo cammeo i cui colori principali sono il rosso e il verde.",,"2024-05-27 15:46:08","nascosto"
"536","Bracciale cangiante","oggetto","prezioso","NC","Bracciale che cambia i colori in base ai raggi solari: può avere molte gradazioni di blu e verde.",,"2024-05-27 15:46:54","nascosto"
"537","Oscurità dorata","oggetto","prezioso","NC","Anello a trilogia, dove due gemme di ossidiana fanno da contorno ad una di ambra.",,"2024-05-27 15:47:25","nascosto"
"538","Spilla notturna","oggetto","prezioso","NC","Una spilla dai colori blu e nero, tanto contrastanti quanto armonici.",,"2024-05-27 15:48:07","nascosto"
"539","Quiete di mare","oggetto","prezioso","NC","Collana i cui colori principali sono il verde e il bianco.",,"2024-05-27 15:48:31","nascosto"
"540","Tiara della purezza","oggetto","prezioso","NC","Una tiara di perle e lapislazzuli molto ricercata.",,"2024-05-27 15:49:23","nascosto"
"541","Pecora","-nessuno-",,"-nessuno-","Una pecora soffice, morbida e un po' testarda.
""Beeeh!""",,"2024-05-29 16:18:08","nascosto"
"542","Occhiali di Gladyss Meister","speciale","prezioso","-nessuno-","Questi occhiali per miopia e astigmatismo hanno una gradazione adatta solo al PNG indicato. Chiunque altro li indossi e cerchi di usarli, subisce la chiamata ""ARTEFATTO CONFUSIONE TEMPO 1 MINUTO"". Questi occhiali danno l'abilità ""Vedere Nascosti"".",,"2024-05-29 16:23:38","nascosto"
"543","Catena cupa","oggetto","prezioso","NC","Una pesante collana dalle tonalità del viola e del nero, appositamente lasciata grezza in alcune parti.",,"2024-05-30 17:46:40","nascosto"
"544","Tortino di carne","oggetto","alimentare","-nessuno-","Pietanza piccola e gustosa fatta con carne macinata.",,"2024-05-31 10:16:14","nascosto"
"545","Tortino di carne","oggetto","alimentare","-nessuno-","Pietanza piccola e gustosa fatta con carne macinata.
All'interno c'è un sospetto pezzetto di collana di perle.",,"2024-05-31 10:16:59","nascosto"
"546","Placcatura resistente","oggetto","mercati generali","C","Il PG che si applica questa placcatura su un'armatura ha +1 PA fino alla fine del prossimo INCONTRO. Attenzione: si può usare solo su armature medie o pesanti di ferro, si può usare solo una placcatura per volta.",,"2024-06-03 13:10:46","nascosto"
"547","Placcatura piccola","oggetto","mercati generali","C","Il PG che si applica questa placcatura su un'armatura deve dichiarare IMMUNE al primo CHOP che subisce fino alla fine del prossimo INCONTRO. Attenzione: si può usare solo su armature medie o pesanti di ferro, si può usare solo una placcatura per volta.",,"2024-06-03 13:11:53","nascosto"
"548","Armatura in acciaio","oggetto","mercati generali","C","Questa armatura conferisce +1 PA a chi la indossa.",,"2024-06-03 13:12:51","nascosto"
"549","Serratura basica con chiave","oggetto","mercati generali","C","Può essere aperta solo dalla sua chiave o da determinati strumenti da scassinatore.",,"2024-06-03 13:14:06","nascosto"
"550","Placcatura grappante","oggetto","mercati generali","C","Il PG che si applica questa placcatura su un'armatura deve dichiarare IMMUNE al primo SPINTA che subisce fino alla fine del prossimo INCONTRO. Attenzione: si può usare solo su armature medie o pesanti di ferro, si può usare solo una placcatura per volta.",,"2024-06-03 13:14:29","nascosto"
"551","Placcatura sottile","oggetto","mercati generali","C","Il PG che si applica questa placcatura su un'armatura deve dichiarare IMMUNE al primo BLAM che subisce fino alla fine del prossimo INCONTRO. Attenzione: si può usare solo su armature medie o pesanti di ferro, si può usare solo una placcatura per volta.",,"2024-06-03 13:14:49","nascosto"
"552","Strumenti da lavoro improvvisati","oggetto","mercati generali","C","Permettono di estrarre una risorsa da una Zona di Estrazione dopo trenta secondi di lavoro, come se si avesse l'abilità ""Estrattore"". Poi si rompono.",,"2024-06-03 13:16:00","nascosto"
"553","Placcatura ignifuga","oggetto","mercati generali","C","Il PG che si applica questa placcatura su un'armatura deve dichiarare IMMUNE al primo FUOCO che subisce fino alla fine del prossimo INCONTRO. Attenzione: si può usare solo su armature medie o pesanti di ferro, si può usare solo una placcatura per volta.",,"2024-06-03 13:16:21","nascosto"
"554","Placcatura antisdrucciolo","oggetto","mercati generali","C","Il PG che si applica questa placcatura su un'armatura deve dichiarare IMMUNE al primo A TERRA che subisce fino alla fine del prossimo INCONTRO. Attenzione: si può usare solo su armature medie o pesanti di ferro, si può usare solo una placcatura per volta.",,"2024-06-03 13:16:46","nascosto"
"555","Freccia rinforzata","oggetto","mercati generali","C","Questa freccia permette di dichiarare SPINTA.",,"2024-06-03 13:17:18","nascosto"
"556","Freccia sbilanciante","oggetto","mercati generali","C","Questa freccia permette di dichiarare A TERRA.",,"2024-06-03 13:17:43","nascosto"
"557","Freccia accecante","oggetto","mercati generali","C","Questa freccia permette di dichiarare CECITA'.",,"2024-06-03 13:18:04","nascosto"
"558","Freccia infuocata","oggetto","mercati generali","C","Questa freccia permette di dichiarare FUOCO.",,"2024-06-03 13:18:22","nascosto"
"559","Freccia immobilizzante","oggetto","mercati generali","C","Questa freccia permette di dichiarare INTRALCIARE.",,"2024-06-03 13:18:32","nascosto"
"560","Placcatura forte","oggetto","mercati generali","NC","Il PG che si applica questa placcatura su un'armatura deve dichiarare IMMUNE al primo CRITICO che subisce fino alla fine del prossimo INCONTRO. Attenzione: si può usare solo su armature medie o pesanti di ferro, si può usare solo una placcatura per volta.",,"2024-06-03 13:19:47","nascosto"
"561","Placcatura rinforzata","oggetto","mercati generali","NC","Il PG che si applica questa placcatura su un'armatura ha +2 PA fino alla fine del prossimo INCONTRO. Attenzione: si può usare solo su armature medie o pesanti di ferro, si può usare solo una placcatura per volta.",,"2024-06-03 13:20:13","nascosto"
"562","Placcatura rustica","oggetto","mercati generali","NC","Il PG che si applica questa placcatura su un'armatura deve dichiarare IMMUNE al primo DISARMO che subisce fino alla fine del prossimo INCONTRO. Attenzione: si può usare solo su armature medie o pesanti di ferro, si può usare solo una placcatura per volta.",,"2024-06-03 13:20:36","nascosto"
"563","Freccia spaccapietra","oggetto","mercati generali","NC","Questa freccia permette di dichiarare CRASH.",,"2024-06-03 13:21:02","nascosto"
"564","Serratura buona con chiave","oggetto","mercati generali","NC","Può essere aperta solo dalla sua chiave o da determinati strumenti da scassinatore.",,"2024-06-03 13:21:39","nascosto"
"565","Freccia pesante","oggetto","mercati generali","NC","Questa freccia permette di dichiarare CRITICO.",,"2024-06-03 13:22:10","nascosto"
"566","Freccia frammentante","oggetto","mercati generali","NC","Questa freccia permette di dichiarare ESPLOSIONE CHOP.",,"2024-06-03 13:22:42","nascosto"
"567","Freccia perforante","oggetto","mercati generali","NC","Questa freccia permette di dichiarare SILENZIO DOLORE.",,"2024-06-03 13:23:11","nascosto"
"568","Strumenti da lavoro improvvisati migliorati","oggetto","mercati generali","NC","Permettono di estrarre due risorse da una Zona di Estrazione dopo trenta secondi di lavoro, come se si avesse l'abilità ""Estrattore"". Poi si rompono.",,"2024-06-03 13:24:08","nascosto"
"569","Freccia affilata","oggetto","mercati generali","NC","Questa freccia permette di dichiarare PARALISI.",,"2024-06-03 13:24:33","nascosto"
"570","Freccia da botta","oggetto","mercati generali","NC","Questa freccia permette di dichiarare DISARMO.",,"2024-06-03 13:25:01","nascosto"
"571","Chiave","oggetto","mercati generali","C","La chiave di una serratura",,"2024-06-03 13:34:30","nascosto"
"572","Chiave","oggetto","mercati generali","NC","La chiave di una serratura",,"2024-06-03 13:34:43","nascosto"
"573","Chiave","oggetto","mercati generali","R","La chiave di una serratura",,"2024-06-03 13:34:54","nascosto"
"574","Chiave","oggetto","mercati generali","L","La chiave di una serratura",,"2024-06-03 13:35:04","nascosto"
"575","Carcassa di animale","oggetto",,"-nessuno-","I resti inutilizzabili di una nutria. Povera nutria.",,"2024-06-04 16:14:37","nascosto"
"576","Collana di perle di Elga","oggetto","prezioso","-nessuno-","Collana di buona qualità, appartenente ad Elga.",,"2024-06-05 15:51:23","nascosto"
"577","Sigillo in ceralacca","oggetto","mercati generali","-nessuno-","L'occorrente per apporre un singolo sigillo in ceralacca su un documento o una missiva.",,"2024-06-06 09:58:29","nascosto"
"578","Armatura in acciaio damascato","oggetto","mercati generali","NC","Questa armatura conferisce +2 PA a chi la indossa.",,"2024-10-04 11:57:18","nascosto"
"579","Guanti medici","oggetto","mercati generali","C","Impedisce la trasmissione di malattie da contatto",,"2024-10-04 14:01:00","nascosto"
"580","Benda sterile","oggetto","mercati generali","C","Permette di dichiarare STABILIZZATO su un personaggio",,"2024-10-04 14:01:37","nascosto"
"581","Borsa del cerusico","oggetto","mercati generali","C","Aumenta di 2 minuti lo stato di MORENTE del personaggio su cui viene utilizzata",,"2024-10-04 14:02:10","nascosto"
"582","Mascherina medica","oggetto","mercati generali","C","Impedisce la trasmissione di malattie aeree.",,"2024-10-04 14:02:41","nascosto"
"583","Borsello rinforzato","oggetto","mercati generali","C","Permette una volta al giorno di rendere nullo l’effetto di un cartellino furto applicato ad essa. 
Capacità: 2",,"2024-10-04 14:03:13","nascosto"
"585","Corda del ricognitore","oggetto","mercati generali","C","Permette di attraversare determinate aree speciali che siano contrassegnate da un cartellino, poi si rovina.",,"2024-10-04 14:04:14","nascosto"
"586","Armatura di pelle dura","oggetto","mercati generali","C","Armatura leggera. 
Proprietà: incantabile.",,"2024-10-04 14:04:36","nascosto"
"587","Fondina del malfattore","oggetto","mercati generali","C","Una volta per incontro, quando sfoderi un’arma da fuoco da questa fondina e la usi per eseguire il primo colpo, puoi dichiarare CECITÀ’.",,"2024-10-04 14:04:57","nascosto"
"588","Faretra da avvelenatore","oggetto","mercati generali","NC","Fino alla fine dell’incontro, le frecce inserite in questa faretra possono dichiarare la chiamata del veleno C o NC che hai strappato al posto del danno che faresti normalmente.",,"2024-10-04 14:05:21","nascosto"
"589","Cappello da viaggiatore","oggetto","mercati generali","C","Se utilizzato da chi ha l’abilità ESPLORATORE permette di portare una persona con sé. Se usato da chi ha l’abilità GUIDA permette di portare una persona in più.",,"2024-10-04 14:06:02","nascosto"
"590","Guanti del lavoratore","oggetto","mercati generali","C","Chi li indossa dimezza il tempo di estrazione delle risorse dalle zone di estrazione.",,"2024-10-04 14:06:25","nascosto"
"591","Fodera per armatura","oggetto","mercati generali","C","Permette di usufruire di 1 PA addizionale per un incontro.",,"2024-10-04 14:06:44","nascosto"
"592","Giaco leggero","oggetto","mercati generali","NC","Chi indossa questa armatura leggera riceve +1 PA addizionali.",,"2024-10-04 14:07:19","nascosto"
"593","Fasce benedette","oggetto","mercati generali","NC","Quando subisci la chiamata EMPIO, devi dichiarare CONVERTO e subire al suo posto ARTEFATTO CONFUSIONE",,"2024-10-04 14:08:59","nascosto"
"594","Scarsella con doppio fondo","oggetto","mercati generali","NC","Puoi occultare fino a due monete quando subisci la chiamata PERQUISIZIONE.",,"2024-10-04 14:09:21","nascosto"
"595","Fascia di lame","oggetto","mercati generali","NC","Fin quando indossi questa fascia per portare le tue armi da lancio e c’è almeno un’arma infoderata, se subisci una chiamata di danno fisica puoi dichiarare a dito verso quel bersaglio lo stesso danno che faresti normalmente con le tue armi da lancio.",,"2024-10-04 14:09:42","nascosto"
"596","Guanti dell'artigiano","oggetto","mercati generali","NC","Chi li indossa dimezza il tempo di creazione e di sperimentazione una volta al giorno.",,"2024-10-04 14:10:05","nascosto"
"597","Veste sacerdotale","oggetto","mercati generali","NC","Una volta a incontro, puoi bersagliare una persona aggiuntiva quando usi una pergamena sacra a bersaglio singolo.",,"2024-10-04 14:10:56","nascosto"
"598","Giaco di cuoio","oggetto","mercati generali","NC","Chi indossa questa armatura media riceve +1 PA addizionale.",,"2024-10-04 14:11:19","nascosto"
"599","Stivali rinforzati","oggetto","mercati generali","NC","Chi indossa questo oggetto può, una volta per INCONTRO, dichiarare CONVERTO quando subisce la chiamata A TERRA e subire invece ARTEFATTO INTRALCIARE.",,"2024-10-04 14:11:42","nascosto"
"600","Mutandoni imbottiti","oggetto","mercati generali","NC","Se chi li indossa subisce la chiamata A TERRA, dichiara CONVERTO e ne dimezza il tempo.",,"2024-10-04 14:12:45","nascosto"
"601","Forza dell'ariete","oggetto","mercati generali","NC","Una volta per incontro, chi indossa questi guanti può dichiarare SPINTA in abbinamento ai danni che porta con un’arma da mischia.",,"2024-10-04 14:13:05","nascosto"
"603","Corda dell'esploratore","oggetto","mercati generali","NC","Simulando una scalata per dieci secondi, permette di oltrepassare muri, pareti, finestre etc. che siano contrassegnate da un cartellino.",,"2024-10-04 14:13:51","nascosto"
"604","Maschera filtrante","oggetto","mercati generali","NC","Una volta per incontro, se chi  indossa questa maschera subisce la chiamata VELENO, deve dichiarare CONVERTO e subire la chiamata abbinata 20 secondi dopo anziché 10.",,"2024-10-04 14:14:22","nascosto"
"605","Mimetica di pelle","oggetto","mercati generali","NC","Questa divisa è stata creata per confondersi con l’ambiente circostante. Chi la indossa può usare l’abilità Nascondersi 1 come se avesse la relativa abilità una volta per INCONTRO.",,"2024-10-04 14:14:43","nascosto"
"606","Portapolvere","oggetto","mercati generali","NC","Una volta al giorno puoi strappare una Polvere da Sparo e usare l’effetto del cartellino strappato due volte anziché una, in un unico incontro.",,"2024-10-04 14:15:38","nascosto"
"607","Parabraccio del tiratore","oggetto","mercati generali","NC","Una volta per incontro puoi dichiarare IMMUNE a una chiamata di danno diretta al braccio che sorregge l’arma da tiro.",,"2024-10-04 14:16:18","nascosto"
"608","Stivali dell'agilità","oggetto","mercati generali","NC","Se chi li indossa subisce la chiamata INTRALCIARE, dichiara CONVERTO e dimezza la chiamata.",,"2024-10-04 14:16:58","nascosto"
"609","Veste vistosa","oggetto","mercati generali","NC","Chi indossa armature leggere, medie o pesanti non può indossare o usare questo oggetto. 
Chi la indossa può dichiarare AGGRO su un nemico una volta a INCONTRO.",,"2024-10-04 14:17:31","nascosto"
"610","Schermatura per lanterna","oggetto","mercati generali","NC","Utilizzabile solo di notte o in luoghi bui. 
Permette di dichiarare VISTO ad un bersaglio alzando la lanterna in sua direzione.",,"2024-10-04 14:18:21","nascosto"
"611","Misto di carne al miele","oggetto","alimentare","R","Il PG che lo consuma deve dichiarare IMMUNE A DIRETTO fino alla fine del prossimo incontro. ATTENZIONE: consumare un altro cibo elimina l'effetto di questo cartellino.",,"2024-10-10 10:48:32","nascosto"
"612","Risotto allo zafferano","oggetto","alimentare","R","Il PG che lo consuma deve dichiarare IMMUNE A POSSESSIONE fino alla fine del prossimo incontro. ATTENZIONE: consumare un altro cibo elimina l'effetto di questo cartellino.",,"2024-10-10 10:48:59","nascosto"
"613","Granzuppa di pesce","oggetto","alimentare","R","Il PG che lo consuma deve dichiarare IMMUNE AD AMNESIA fino alla fine del prossimo incontro. ATTENZIONE: consumare un altro cibo elimina l'effetto di questo cartellino.",,"2024-10-10 10:49:36","nascosto"
"614","Filetto girella","oggetto","alimentare","R","Il PG che lo consuma deve dichiarare IMMUNE A PIETRIFICAZIONE fino alla fine del prossimo incontro. ATTENZIONE: consumare un altro cibo elimina l'effetto di questo cartellino.",,"2024-10-10 10:50:10","nascosto"
"616","Guanti del chirurgo","oggetto","mercati generali","R","Dimezza il tempo di cura, permettendo di arrivare a metà pezza medica per dichiarare GUARIGIONE. Successivamente la pezza non può far dichiarare altre chiamate di cura neppure se completata, e deve essere disfatta per essere utilizzata nuovamente.",,"2024-10-10 10:58:34","nascosto"
"617","Scarsella rinforzata","oggetto","mercati generali","R","Se un singolo cartellino furto viene attaccato a questa scarsella, non ha effetto. Per eseguire un furto con successo da questa scarsella servono almeno due cartellini furto.",,"2024-10-10 11:00:27","nascosto"
"618","Divisa da chirurgo","oggetto","mercati generali","R","Chi indossa questa divisa non può essere contagiato dalle malattie.",,"2024-10-10 11:01:01","nascosto"
"619","Guanti del creatore","oggetto","mercati generali","R","Chi li indossa dimezza il tempo di creazione e sperimentazione.",,"2024-10-10 11:01:27","nascosto"
"620","Giaco leggero rinforzato","oggetto","mercati generali","R","Chi indossa questa armatura leggera riceve +2PA addizionali.",,"2024-10-10 11:03:05","nascosto"
"621","Giaco di cuoio rinforzato","oggetto","mercati generali","R","Chi indossa questa armatura media riceve +2PA addizionali.",,"2024-10-10 11:03:31","nascosto"
"622","Mimetica di pelliccia","oggetto","mercati generali","R","Divisa creata per confondersi con l'ambiente circostante. Se chi la indossa non ha l'abilità Nascondersi 1, l'acquisisce e può usarla come se la possedesse fintanto che indossa questo oggetto. Se chi la indossa possiede già l'abilità Nascondersi 1, acquisisce l'abilità Nascondersi 2 e può usarla come se la possedesse fintanto che indossa questo oggetto.",,"2024-10-10 11:07:42","nascosto"
"623","Veste da arcanista","oggetto","mercati generali","R","Permette ad un incantatore di avere  +2PA. Fintanto che indossa questa veste, non può indossare altre vesti o armature.",,"2024-10-10 11:09:43","nascosto"
"624","Stivali dell'elusione","oggetto","mercati generali","R","Chi indossa questi stivali può mimare un balzo laterale dopo aver subito una chiamata di danno e dichiarare IMMUNE. Funziona una volta ad incontro.",,"2024-10-10 11:12:05","nascosto"
"625","Rinforzo superiore","oggetto","edilizia","R","Aumenta di 30PA la struttura su cui viene posizionata. Per applicarlo simulare una lavorazione di un minuto, poi contattare un master.",,"2024-10-10 11:13:42","nascosto"
"626","Spuntone","oggetto","trappola","R","Trappola. E' inerme fintanto che non viene posizionata. Il PG che legge il cartellino lo deve strappare e subire la chiamata ""DIRETTO DOLORE"" dichiarandola ad alta voce.",,"2024-10-10 11:15:48","nascosto"
"627","Spuntoni","oggetto","trappola","R","Trappola. E' inerme fintanto che non viene posizionata. Il PG che legge il cartellino lo deve strappare e subire la chiamata ""ESPLOSIONE DIRETTO DOLORE"" dichiarandola ad alta voce.",,"2024-10-10 11:16:16","nascosto"
"628","Inciampo letale","oggetto","trappola","R","Trappola. E' inerme fintanto che non viene posizionata. Il PG che legge il cartellino lo deve strappare e subire la chiamata ""A TERRA COMA"" dichiarandola ad alta voce.",,"2024-10-10 11:16:39","nascosto"
"629","Bocche di lupo","oggetto","trappola","R","Trappola. E' inerme fintanto che non viene posizionata. Il PG che legge il cartellino lo deve strappare e subire la chiamata ""ESPLOSIONE A TERRA COMA"" dichiarandola ad alta voce.",,"2024-10-10 11:17:09","nascosto"
"630","Falce a parete","oggetto","trappola","R","Trappola. E' inerme fintanto che non viene posizionata. Il PG che legge il cartellino lo deve strappare e subire la chiamata ""CRITICO DOLORE"" dichiarandola ad alta voce.",,"2024-10-10 11:17:33","nascosto"
"631","Falci a parete","oggetto","trappola","R","Trappola. E' inerme fintanto che non viene posizionata. Il PG che legge il cartellino lo deve strappare e subire la chiamata ""ESPLOSIONE CRITICO DOLORE"" dichiarandola ad alta voce.",,"2024-10-10 11:18:01","nascosto"
"632","Tagliola per orsi","oggetto","trappola","R","Trappola. E' inerme fintanto che non viene posizionata. Il PG che legge il cartellino lo deve strappare e subire la chiamata ""DIRETTO A TERRA"" dichiarandola ad alta voce.",,"2024-10-10 11:18:33","nascosto"
"633","Tagliole per lupi con catena","oggetto","trappola","R","Trappola. E' inerme fintanto che non viene posizionata. Il PG che legge il cartellino lo deve strappare e subire la chiamata ""DIRETTO DOLORE A TERRA"" dichiarandola ad alta voce.",,"2024-10-10 11:19:10","nascosto"
"634","Filtro dell'asservimento","oggetto","veleno","R","Veleno spalmabile. Fino alla fine dell’INCONTRO, puoi dichiarare VELENO POSSESSIONE: MI AMI E MI RISPETTI una volta. Applicabile solo sulle vesti.",,"2024-10-10 11:26:05","nascosto"
"635","Pozione della vista superiore","oggetto","pozione","R","Permette di vedere personaggi nascosti fino a fine giornata.",,"2024-10-10 11:26:40","nascosto"
"636","Fiducia in bottiglia","oggetto","pozione","R","Il personaggio che ingerisce questa pozione sente la necessità di dire la verità per cinque minuti e non vuole mentire.",,"2024-10-10 11:27:23","nascosto"
"637","Solvente universale","oggetto","pozione","R","L’oggetto cartellinato su cui viene usato subisce DISINTEGRAZIONE OGGETTO.",,"2024-10-10 11:27:58","nascosto"
"638","Unguento cangiante","oggetto","pozione","R","Permette per una volta di usare l’abilità Nascondersi 1 e 2 come se le si possedesse.",,"2024-10-10 11:28:25","nascosto"
"639","Antidoto vitale","oggetto","rimedio","R","Chi lo usa dichiara ""NEUTRALIZZA VELENO, NEUTRALIZZA TORMENTO"" su due bersagli diversi.",,"2024-10-10 11:29:39","nascosto"
"640","Siringone","oggetto","rimedio","R","Sospende tre sintomi di una malattia per un'ora.",,"2024-10-10 11:30:32","nascosto"
"641","Cicatrizzante miracoloso","oggetto","rimedio","R","Se usato su un PG ferito durante le cure, una volta terminata la pezza medica permette di dichiarare ""GUARIGIONE"" sullo stesso bersaglio tre volte in più.",,"2024-10-10 11:31:05","nascosto"
"642","Sospensoria migliorata","oggetto","rimedio","R","Allunga di 5 minuti lo stato SANGUINANTE di un PG.",,"2024-10-10 11:31:41","nascosto"
"643","Ritardante migliorato","oggetto","rimedio","R","Allunga di 10 minuti lo stato MORENTE di un PG.",,"2024-10-10 11:32:16","nascosto"
"644","Mano del Cerusico","oggetto","rimedio","R","Pozione da ingestione. Il PG che la consuma subisce GUARIGIONE GUARIGIONE.",,"2024-10-10 11:32:56","nascosto"
"645","Serratura ottima con chiave","oggetto","mercati generali","R","Può essere aperta solo dalla sua chiave o da determinati strumenti da scassinatore.",,"2024-10-10 11:35:53","nascosto"
"646","Placcatura possente","oggetto","mercati generali","R","Il PG che si applica questa placcatura su un'armatura deve dichiarare IMMUNE al primo DIRETTO che subisce fino alla fine del prossimo INCONTRO. Attenzione: si può usare solo su armature medie o pesanti di ferro, si può usare solo una placcatura per volta.",,"2024-10-10 11:36:34","nascosto"
"647","Armatura ripiegata","oggetto","mercati generali","R","Questa armatura conferisce +3 PA a chi la indossa.",,"2024-10-10 11:37:10","nascosto"
"648","Placcatura resistente","oggetto","mercati generali","R","Il PG che si applica questa placcatura su un'armatura ha +3PA aggiuntivi non recuperabili fino alla fine del prossimo INCONTRO. Attenzione: si può usare solo su armature medie o pesanti di ferro, si può usare solo una placcatura per volta.",,"2024-10-10 11:38:45","nascosto"
"649","Strumenti da lavoro improvvisati ottimi","oggetto","mercati generali","R","Permettono di estrarre tre risorse da una Zona di Estrazione dopo trenta secondi di lavoro, come se si avesse l'abilità ""Estrattore"". Poi si rompono.",,"2024-10-10 11:39:28","nascosto"
"650","Gioiello rituale di Minerarium","oggetto","prezioso","R","Cristallo privo di impurità ricavato dalla lavorazione accurata di una gemma pregiata. Se utilizzato in un rituale ne aumenta le probabilità di riuscita.",,"2024-10-10 11:41:43","nascosto"
"651","Fedi matrimoniali","oggetto","prezioso","R","Anelli consacrati molto ricercati e preziosi, indispensabili per sposarsi secondo la tradizione.",,"2024-10-10 11:44:31","nascosto"
"652","Grasso di Leviatano","oggetto","alimentare","-nessuno-","Dona +3PF aggiuntivi temporanei, non recuperabili tramite cure o oggetti, ma chi lo consuma subisce ARTEFATTO AGGRO da qualsiasi nemico che rientri sotto la sua vista ogni dieci secondi. L'effetto di questo cartellino dura un incontro. 
ATTENZIONE: consumare un altro cibo elimina il bonus ai PF temporanei, ma non l'effetto di AGGRO.",,"2024-10-15 11:53:50","nascosto"
"653","Grano mutevole","ingrediente",,"-nessuno-","Grano predisposto alla mutazione. Non sembra diversa da una normale pianta di grano. Per sperimentare su di essa, contattare Master Giada.",,"2024-10-15 14:14:06","nascosto"
"654","Frumento mutevole","ingrediente",,"-nessuno-","Frumento predisposto alla mutazione. Non sembra diversa da una normale pianta di frumento. Per sperimentare su di essa, contattare Master Giada.",,"2024-10-15 14:14:36","nascosto"
"655","Sabbia del Tempo","oggetto",,"-nessuno-","Polvere rosso-rosata granulosa, dall'odore acre, contenuta in una bustina di carta trasparente. Se assunta concede +2PF temporanei (non recuperabili da cure e oggetti) e devi dichiarare IMMUNE A SONNO fino alla fine del prossimo combattimento. Se si assume, contattare immediatamente master Seba. Se si vuole analizzare, contattare master Seba (richieste le abilità Apprendista Farmacologo oppure Lavorante Farmacologo).",,"2024-10-15 14:24:18","nascosto"
"656","Sabbia del Tempo tagliata male","oggetto",,"-nessuno-","Polvere rosso-rosata granulosa, dall'odore acre, contenuta in una bustina di carta trasparente. Se comparata a un cartellino ""Sabbia del Tempo"" non si notano differenze. Se assunta concede +2PF temporanei (non recuperabili da cure e oggetti) e devi dichiarare IMMUNE A SONNO fino alla fine del prossimo combattimento. Se si assume, contattare immediatamente master Seba. Se si vuole analizzare, contattare master Seba (richieste le abilità Apprendista Farmacologo oppure Lavorante Farmacologo).",,"2024-10-15 14:25:34","nascosto"
"657","Fiaschetta di alcool","oggetto",,"-nessuno-","Una fiaschetta contenente un liquido dall'aspetto trasparente e dall'odore pungente.",,"2024-10-15 14:26:46","nascosto"
"658","Pupazzo (Milo)","oggetto",,"-nessuno-","Appartiene a Ophelia. Quando viene premuto sul volto di una persona per almeno 10 secondi, permette di dichiarare Sonno. Dopo 1 minuto in cui il peluche è premuto sul volto di qualcuno, dichiara Mortale.",,"2024-10-15 14:39:32","nascosto"
"659","Sapone dei coniugi Ciullincia","oggetto",,"-nessuno-","Una barretta di sapone profumato.",,"2024-10-15 14:40:31","nascosto"
"660","Sapone dei coniugi Ciullincia+","ingrediente",,"-nessuno-","Una barretta di sapone profumato... strano. Se stai leggendo questo cartellino, subisci SONNO.",,"2024-10-15 14:42:21","nascosto"
"661","Chiave della saponaia","oggetto",,"-nessuno-","Una semplice chiave in metallo. Chissà che porta apre.",,"2024-10-15 14:42:55","nascosto"
"662","Acqua maleodorante","ingrediente",,"-nessuno-","Per analizzarla o interagirci, contattare master Seba.",,"2024-10-15 14:52:43","nascosto"
"664","Veleno lento","oggetto","veleno","R","Veleno spalmabile. Fino alla fine dell’INCONTRO, il prossimo colpo che porti con un’arma devi dichiarare VELENO COMA. Non applicabile su armi da fuoco.",,"2024-10-15 15:08:59","nascosto"
"665","Veleno rapido","oggetto","veleno","L","Veleno spalmabile. Fino alla fine dell’INCONTRO, il prossimo colpo che porti con un’arma devi dichiarare VELENO MORTALE. Non applicabile su armi da fuoco. Deve essere usato entro la fine della giornata in cui viene creato.",,"2024-10-15 15:09:35","nascosto"
"666","Mappa di Rimark - Zona","oggetto",,"-nessuno-","Permette di accedere alla zona ___ della città di Rimark. Chi ha l’abilità Esploratore fintanto che è in possesso di questo cartellino può portare con sé fino a 5 altri personaggi.",,"2024-10-15 15:22:10","nascosto"
"667","Attrezzi da tortura semplici","oggetto","mercati generali","C","Simula di torturare un PG infliggendogli tre volte DOLORE entro un minuto. Se subisce tutte e tre le chiamate, strappa questo cartellino: iI PG su cui viene usato non può mentire alla prossima domanda che riceverà, ma può rifiutarsi di parlare o anche omettere.",,"2024-10-15 15:36:58","nascosto"
"668","Attrezzi da tortura buoni","oggetto","mercati generali","NC","Simula di torturare un PG infliggendogli tre volte DOLORE entro un minuto. Se subisce tutte e tre le chiamate, strappa questo cartellino: il PG su cui viene usato non può mentire per i prossimi cinque minuti, ma può rifiutarsi di parlare o anche omettere.",,"2024-10-15 15:37:24","nascosto"
"669","Mappa dei Passaggi","oggetto",,"-nessuno-","Una mappa della città di Rimark. In un punto specifico è segnata una X rossa.",,"2024-10-16 11:20:14","nascosto"
"670","Trofeo della Caccia","speciale",,"-nessuno-","Questo oggetto può essere utilizzato solo dal PNG ""Zira Neromorso"". 
Questa maschera è fatta con il teschio, la pelliccia e la piuma di feroci predatori. Dopo aver rivolto gli occhi della maschera in direzione di un bersaglio per cinque secondi, permette di dichiarare PARALISI! TERRORE!",,"2024-10-16 11:54:44","nascosto"
"671","Abilità: Terzo Grado","speciale",,"-nessuno-","Dopo aver interpretato un interrogatorio per almeno cinque minuti e aver dichiarato DOLORE almeno una volta ogni minuto, permette di dichiarare ""POSSESSIONE: Rispondi in maniera sincera alle prossime tre domande""",,"2024-10-16 11:56:43","nascosto"
"672","Abilità: Salvacondotto","speciale",,"-nessuno-","Finchè sei cosciente sei immune agli effetti negativi o avversi delle aree speciali, e puoi rendere immuni a tali effetti fino a un massimo di altri cinque personaggi.",,"2024-10-16 11:58:09","nascosto"
"673","Gancio da Lobotomia","speciale",,"-nessuno-","Questo oggetto può essere utilizzato solo dal PNG ""Armand Va De Merve Il Beccaio"". 
Se viene utilizzato durante una scena di interrogatorio, alla fino dello stesso permette di dichiarare ""AMNESIA ultime due ore"".",,"2024-10-16 11:58:18","nascosto"
"674","Polvere rituale di Herbarium","oggetto","prezioso","C","Polvere ricavata dalla lavorazione delle gemme. Se utilizzata in un rituale ne aumenta di poco le probabilità di riuscita.",,"2024-10-18 11:55:44","nascosto"
"675","Polvere rituale di Animalium","oggetto","prezioso","C","Polvere ricavata dalla lavorazione delle gemme. Se utilizzata in un rituale ne aumenta di poco le probabilità di riuscita.",,"2024-10-18 11:56:02","nascosto"
"676","Polvere rituale di Minerarium","oggetto","prezioso","C","Polvere ricavata dalla lavorazione delle gemme. Se utilizzata in un rituale ne aumenta di poco le probabilità di riuscita.",,"2024-10-18 11:56:20","nascosto"
"677","Preziosità rituale di Animalium","oggetto","prezioso","NC","Polvere fine ricavata dalla lavorazione delle gemme. Se utilizzata in un rituale ne aumenta di poco le probabilità di riuscita.",,"2024-10-18 11:57:12","nascosto"
"678","Preziosità rituale di Herbarium","oggetto","prezioso","NC","Polvere fine ricavata dalla lavorazione delle gemme. Se utilizzata in un rituale ne aumenta di poco le probabilità di riuscita.",,"2024-10-18 11:57:28","nascosto"
"679","Preziosità rituale di Anatemium","oggetto","prezioso","NC","Polvere fine ricavata dalla lavorazione delle gemme. Se utilizzata in un rituale ne aumenta di poco le probabilità di riuscita.",,"2024-10-18 11:57:45","nascosto"
"680","Pugnale","oggetto","mercati generali","C","Permette di dichiarare CHOP. 
Proprietà: incantabile.",,"2024-10-18 11:59:13","nascosto"
"681","Ascia","oggetto","mercati generali","C","Permette di dichiarare CHOP. 
Proprietà: incantabile.",,"2024-10-18 11:59:22","nascosto"
"682","Bastone a due mani","oggetto","mercati generali","C","Permette di dichiarare BLAM. 
Proprietà: incantabile.",,"2024-10-18 11:59:41","nascosto"
"683","Mazza","oggetto","mercati generali","C","Permette di dichiarare BLAM. 
Proprietà: incantabile.",,"2024-10-18 12:00:30","nascosto"
"684","Spada lunga","oggetto","mercati generali","NC","Permette di dichiarare CRITICO. 
Proprietà: incantabile.",,"2024-10-18 12:01:00","nascosto"
"685","Martello","oggetto","mercati generali","C","Permette di dichiarare BLAM. 
Proprietà: incantabile.",,"2024-10-18 12:01:22","nascosto"
"686","Stiletto da avvelenatore","oggetto","mercati generali","NC","Un cartellino veleno usato per avvelenare quest’arma permette di dichiarare la chiamata del cartellino veleno con i primi due colpi anziché solo con il primo.",,"2024-10-18 12:01:48","nascosto"
"687","Arco lungo","oggetto","mercati generali","NC","Permette di dichiarare CRITICO INTRALCIARE. 
Proprietà: incantabile.",,"2024-10-18 12:02:27","nascosto"
"689","Rinforzo base - rivestimento","oggetto","edilizia","C","Aumenta di 10PA la struttura su cui viene posizionata. Per applicarlo simulare una lavorazione di un minuto, poi contattare un master.",,"2024-10-18 12:03:37","nascosto"
"690","Rinforzo base - muro di pietra","oggetto","edilizia","C","Aumenta di 10PA la struttura su cui viene posizionata. Per applicarlo simulare una lavorazione di un minuto, poi contattare un master.",,"2024-10-18 12:03:53","nascosto"
"691","Rinforzo base - sacchi","oggetto","edilizia","C","Aumenta di 10PA la struttura su cui viene posizionata. Per applicarlo simulare una lavorazione di un minuto, poi contattare un master.",,"2024-10-18 12:04:16","nascosto"
"692","Rinforzo base - porta","oggetto","edilizia","C","Aumenta di 10PA la struttura su cui viene posizionata. Per applicarlo simulare una lavorazione di un minuto, poi contattare un master.",,"2024-10-18 12:04:33","nascosto"
"693","Rinforzo base - palizzata","oggetto","edilizia","C","Aumenta di 10PA la struttura su cui viene posizionata. Per applicarlo simulare una lavorazione di un minuto, poi contattare un master.",,"2024-10-18 12:04:53","nascosto"
"694","Rinforzo base - portone","oggetto","edilizia","C","Aumenta di 10PA la struttura su cui viene posizionata. Per applicarlo simulare una lavorazione di un minuto, poi contattare un master.",,"2024-10-18 12:05:12","nascosto"
"695","Spada corta","oggetto","mercati generali","C","Permette di dichiarare CHOP. 
Proprietà: incantabile.",,"2024-10-18 12:05:28","nascosto"
"696","Arco corto","oggetto","mercati generali","C","Permette di dichiarare CRITICO. 
Proprietà: incantabile.",,"2024-10-18 12:06:01","nascosto"
"697","Abilità: Ombra notturna","speciale",,"-nessuno-","Fintanto che è notte o che si è in un ambiente scuro, il personaggio è in grado di ignorare i passi massimi dell'abilità Nascondersi 2 a patto che si muova tra un potenziale nascondiglio e un altro. Inoltre, permette di dichiarare IMMUNE alla chiamata VISTO.",,"2024-10-18 13:50:06","nascosto"
"698","Doppietta del Cartografo","speciale",,"-nessuno-","Questo oggetto può essere utilizzato solo dal PNG ""Jonathan Fennik Il Cartografo"". 
Entrambe le canne di questo fucile sono utilizzabili: con una si può dichiarare la chiamata SPINTA IN QUEST'AREA, mentre con l'altra si può dichiarare la chiamata FUOCO IN QUEST'AREA.",,"2024-10-18 13:53:16","nascosto"
"699","Broncospasmo da inalazione di polveri","malattia",,"C","SINTOMI: Accessi di tosse ogni minuto. 

Se il PG viene esposto a polveri, alla stessa fonte della malattia, o se non viene trattata entro la fine della giornata, chiamare un master.",,"2024-10-18 13:55:58","nascosto"
"700","Pensiero Intrusivo","malattia",,"-nessuno-","Il personaggio ha un concetto trigger: ogniqualvolta qualcuno nomina la parola ""sirena"" o sue declinazioni, subisce la chiamata POSSESSIONE: ""Chiedi informazioni sulle sirene o cerca di comporre odi su quella che ami"".",,"2024-10-22 08:56:12","nascosto"
"701","Rinforzo base - copertura","oggetto","edilizia","C","Aumenta di 10PA la struttura su cui viene posizionata. Per applicarlo simulare una lavorazione di un minuto, poi contattare un master.",,"2024-10-22 09:07:30","nascosto"
"702","Rinforzo base - muro","oggetto","edilizia","C","Aumenta di 10PA la struttura su cui viene posizionata. Per applicarlo simulare una lavorazione di un minuto, poi contattare un master.",,"2024-10-22 09:08:11","nascosto"
"703","Rinforzo base - pietra dura","oggetto","edilizia","C","Aumenta di 10PA la struttura su cui viene posizionata. Per applicarlo simulare una lavorazione di un minuto, poi contattare un master.",,"2024-10-22 09:08:47","nascosto"
"704","Rinforzo buono - barricata","oggetto","edilizia","NC","Aumenta di 20PA la struttura su cui viene posizionata. Per applicarlo simulare una lavorazione di un minuto, poi contattare un master.",,"2024-10-22 09:09:39","nascosto"
"705","Rinforzo buono - lastre","oggetto","edilizia","NC","Aumenta di 20PA la struttura su cui viene posizionata. Per applicarlo simulare una lavorazione di un minuto, poi contattare un master.",,"2024-10-22 09:09:41","nascosto"
"707","Rinforzo buono - muro","oggetto","edilizia","NC","Aumenta di 20PA la struttura su cui viene posizionata. Per applicarlo simulare una lavorazione di un minuto, poi contattare un master.",,"2024-10-22 09:09:46","nascosto"
"708","Rinforzo buono - pilastro","oggetto","edilizia","NC","Aumenta di 20PA la struttura su cui viene posizionata. Per applicarlo simulare una lavorazione di un minuto, poi contattare un master.",,"2024-10-22 09:09:48","nascosto"
"709","Rinforzo buono - travi pesanti","oggetto","edilizia","NC","Aumenta di 20PA la struttura su cui viene posizionata. Per applicarlo simulare una lavorazione di un minuto, poi contattare un master.",,"2024-10-22 09:09:50","nascosto"
"710","Rinforzo buono - indurente","oggetto","edilizia","NC","Aumenta di 20PA la struttura su cui viene posizionata. Per applicarlo simulare una lavorazione di un minuto, poi contattare un master.",,"2024-10-22 09:11:44","nascosto"
"711","Rinforzo buono - massi","oggetto","edilizia","NC","Aumenta di 20PA la struttura su cui viene posizionata. Per applicarlo simulare una lavorazione di un minuto, poi contattare un master.",,"2024-10-22 09:11:50","nascosto"
"712","Rinforzo buono - travi","oggetto","edilizia","NC","Aumenta di 20PA la struttura su cui viene posizionata. Per applicarlo simulare una lavorazione di un minuto, poi contattare un master.",,"2024-10-22 09:11:52","nascosto"
"713","Rinforzo buono - rafforzante","oggetto","edilizia","NC","Aumenta di 20PA la struttura su cui viene posizionata. Per applicarlo simulare una lavorazione di un minuto, poi contattare un master.",,"2024-10-22 09:11:54","nascosto"
"714","Gioiello rituale di Herbarium","oggetto","prezioso","R","Cristallo privo di impurità ricavato dalla lavorazione accurata di una gemma pregiata. Se utilizzato in un rituale ne aumenta le probabilità di riuscita.",,"2024-10-22 10:40:06","nascosto"
"715","Gioiello rituale di Anatemium","oggetto","prezioso","R","Cristallo privo di impurità ricavato dalla lavorazione accurata di una gemma pregiata. Se utilizzato in un rituale ne aumenta le probabilità di riuscita.",,"2024-10-22 10:40:08","nascosto"
"716","Gioiello rituale di Animalium","oggetto","prezioso","R","Cristallo privo di impurità ricavato dalla lavorazione accurata di una gemma pregiata. Se utilizzato in un rituale ne aumenta le probabilità di riuscita.",,"2024-10-22 10:40:10","nascosto"
"717","Trabucco portatile","oggetto","edilizia","NC","Per essere usato deve essere attaccato ad un prop fisico e deve essere manovrato da almeno tre persone. Strappando una risorsa PIETRA dichiara BLAM IN QUEST’AREA, mentre chi la manovra subisce SPINTA.",,"2024-10-22 16:07:57","nascosto"
"718","Ariete portatile","oggetto","edilizia","C","Per essere usato deve essere attaccato ad un prop. fisico e deve essere manovrato da almeno due persone.  Dopo aver simulato per 15  secondi di abbatterlo contro una porta, ne riduce i PF di 10.",,"2024-10-22 16:08:10","nascosto"
"719","Soffiafuoco","oggetto","edilizia","NC","Per essere usato deve essere attaccato ad un prop fisico e deve essere manovrato da almeno due persone. Strappando una risorsa PECE Dichiara FUOCO IN QUEST’AREA, mentre chi la manovra subisce ARTEFATTO A TERRA.",,"2024-10-22 16:08:51","nascosto"
"720","Ariete portatile rinforzato","oggetto","edilizia","NC","Per essere usato deve essere attaccato ad un prop fisico e deve essere manovrato da almeno tre persone.  Dopo aver simulato per 15  secondi di abbatterlo contro una porta, ne riduce i PF di 20.",,"2024-10-22 16:08:54","nascosto"
"721","Idrofobia (fobia)","malattia",,"-nessuno-","Il PG mostra una paura irragionevole nei confronti dell'oggetto specifico: CORSI E SPECCHI D'ACQUA. La paura provata  è palesemente sproporzionata al pericolo reale. Ogni volta che uno o più oggetti della Fobia cadono sotto la percezione dei sensi del PG, esso subisce ARTEFATTO PARALISI. Subire di nuovo la chiamata non fa rimanere nello stesso INCONTRO.

Se si vuole interagire con la malattia, chiamare il Master Giacomo.",,"2024-10-23 14:04:22","nascosto"
"722","Ossessione - Sirene","malattia",,"-nessuno-","Il PG mostra un pensiero ed un interesse costante nei confronti dell'oggetto specifico: SIRENA. Ogni volta che uno o più oggetti dell'Ossessione cadono sotto la percezione dei sensi del PG, esso subisce la chiamata ARTEFATTO POSSESSIONE: ""Tessi le lodi della sirena in maniera amorevole e artistica"".

Se si vuole interagire con la malattia, chiamare il Master Giacomo.",,"2024-10-23 14:08:54","nascosto"
"723","Bananofobia","malattia",,"-nessuno-","Il PG mostra una paura irragionevole nei confronti degli oggetti specifici: BANANE. La paura provata  è palesemente sproporzionata al pericolo reale. Ogni volta che uno o più oggetti della Fobia cadono sotto la percezione dei sensi del PG ed è da solo, esso subisce ARTEFATTO PARALISI. Subire di nuovo la chiamata non fa rimanere nello stesso INCONTRO.

Se si vuole interagire con la malattia, chiamare il Master Giacomo.",,"2024-10-23 14:15:36","nascosto"
"724","Claustrofobia","malattia",,"-nessuno-","Il PG mostra una paura irragionevole nei confronti dell'oggetto specifico: SPAZI CHIUSI E ANGUSTI. La paura provata  è palesemente sproporzionata al pericolo reale. Ogni volta che uno o più oggetti della Fobia cadono sotto la percezione dei sensi del PG ed è da solo, esso subisce ARTEFATTO PARALISI. Subire di nuovo la chiamata non fa rimanere nello stesso INCONTRO.

Se si vuole interagire con la malattia, chiamare il Master Giacomo.",,"2024-10-23 14:15:55","nascosto"
"725","Fobia mista","malattia",,"-nessuno-","Il PG mostra una paura irragionevole nei confronti degli oggetti specifici: CORSI E SPECCHI D'ACQUA, LUOGHI CHIUSI E BUI quando solo. La paura provata  è palesemente sproporzionata al pericolo reale. Ogni volta che uno o più oggetti della della Fobia cadono sotto la percezione dei sensi del PG, esso subisce ARTEFATTO PARALISI! ARTEFATTO TERRORE!.

Se si vuole interagire con la malattia, chiamare il Master Giacomo.",,"2024-10-23 14:57:49","nascosto"
"726","Giudizio","speciale",,"-nessuno-","Questo oggetto può essere utilizzato solo dal PNG ""Primo Inquisitore"" di Aibelir. 
Dichiara CHOP su chi crede in Mantus, Veive, Thalna o Lumis. Dichiara invece SACRO DIRETTO su chi crede in altro che non siano i Quattro, o se è eretico, o se è infedele.",,"2024-10-24 09:47:39","nascosto"
"727","Abilità: Io sono Fortezza","speciale",,"-nessuno-","Quando subisci un danno o un effetto (fisico o mentale che sia) puoi dichiarare la stessa chiamata contro la fonte che l'ha causato.",,"2024-10-24 09:47:48","nascosto"
"728","Confessione","speciale",,"-nessuno-","Questo oggetto può essere utilizzato solo dal PNG ""Primo Inquisitore"" di Aibelir. 
Fintanto che lo stai impugnando, puoi dichiarare ""POSSESSIONE: rivelami la tua vera fede"" a chiunque tocchi questo oggetto.",,"2024-10-24 09:51:36","nascosto"
"729","Pasto del Viaggiatore","oggetto","alimentare","C","Permette di ignorare uno ed un solo effetto debilitante continuo di un’area speciale fintanto che vi sei all’interno. Non permette di ignorare i danni. (Es.: “Finchè sei in quest’area subisci CONFUSIONE ogni trenta secondi”, se usi questo oggetto ignori la chiamata CONFUSIONE).",,"2025-01-28 10:05:22","nascosto"
"730","Zaino da esploratore","oggetto","mercati generali","NC","Uno zaino capiente e robusto. 
Capacità: 5",,"2025-01-28 10:05:39","nascosto"
"731","Cassapanca di legno","oggetto","mercati generali","R","Grande contenitore robusto, perfetto per stivare equipaggiamento voluminoso.
Capacità: 9",,"2025-01-28 10:06:16","nascosto"
"732","Bauletto di legno","oggetto","mercati generali","C","Piccolo contenitore in legno levigato, perfetto per materiali poco ingombranti. 
Capacità: 4",,"2025-01-28 10:07:01","nascosto"
"733","Cassa a scomparti","oggetto","mercati generali","NC","Ampio contenitore con divisori interni, progettato per organizzare diversi tipi di oggetti senza mescolarli.
Capacità: 6",,"2025-01-28 10:07:30","nascosto"
"734","Valigia da trasporto","oggetto","mercati generali","R","Ampia e rinforzata, dotata di due maniglie: ideale per trasportare carichi più pesanti o voluminose forniture. Necessita di due persone per essere trasportato.
Capacità: 10",,"2025-01-28 10:08:01","nascosto"
"735","Cassa rinforzata","oggetto","mercati generali","C","Una cassa con barre di ferro sui lati. 
Capacità: 4",,"2025-01-28 10:09:04","nascosto"
"736","Custodia gemmata","oggetto","mercati generali","NC","Una contenitore raffinato, adornato di minerali preziosi in filamenti in piccole gemme. Una volta a evento, se subisci la chiamata PERQUISIZIONE o se vieni derubato, puoi evitare di consegnare questo oggetto e ciò che contiene. 
Capacità: 3",,"2025-01-28 10:09:37","nascosto"
"737","Cassa d'acciaio","oggetto","mercati generali","R","Una cassa dalle pareti d’acciaio, dotata di maniglie resistenti sui quattro lati. 
Necessita di quattro persone per essere trasportato.
Capacità: 10",,"2025-01-28 10:10:09","nascosto"
"738","Cilindro sigillato","oggetto","mercati generali","C","Un cilindro facilmente trasportabile, creato con materiali preziosi ma resistenti. 
Capacità: 2",,"2025-01-28 10:10:40","nascosto"
"739","Forziere di ferro","oggetto","mercati generali","NC","Forziere dotato di robuste maniglie ai lati.
Necessita di due persone per essere trasportato.
Capacità: 7",,"2025-01-28 10:11:10","nascosto"
"740","Scrigno compatto","oggetto","mercati generali","NC","Uno scrigno dai materiali e dagli intarsi ricercati. 
Capacità: 7",,"2025-01-28 10:11:42","nascosto"
"741","Rimedio della Nonna","oggetto","rimedio","C","Viene usato soprattutto per prevenire le malattie, ma può essere assunto anche dopo averne contratta una. Una volta consumato, il suo effetto dura fino alla fine della giornata. Se nel corso della giornata ricevi un cartellino Malattia di rarità Comune, oppure lo assumi mentre sei già in possesso di una Malattia Comune, potrai ignorarne gli effetti negativi fino alla fine della giornata. Attenzione: questo rimedio non cura la malattia.",,"2025-01-29 14:31:17","nascosto"
"742","Fissante","oggetto","pozione","C","Se usato per la creazione o la sperimentazione in una ricetta di crafting di Alchimia, permette di sostituire un qualsiasi ingrediente Comune.",,"2025-01-29 14:32:26","nascosto"
"743","Saccoccia di pelle","oggetto","mercati generali","C","Piccola tasca in pelle morbida, da cintura. 
Capacità: 3",,"2025-01-29 14:33:47","nascosto"
"744","Arcanelho erbaceo","speciale","erba","-nessuno-","Agglomerato sferico irregolare di erbe e fiori che continuano a vivere anche se staccati dal terreno. Emette una debole aura magica, percepibile solo dagli Arcanisti.",,"2025-02-13 16:43:31","nascosto"
"745","Arcanelho minerale","speciale","minerali","-nessuno-","Agglomerato sferico irregolare di minerali di diversa origine. Emette una debole aura magica, percepibile solo dagli Arcanisti.",,"2025-02-13 16:44:19","nascosto"
"746","Arcanelho animale","speciale","derivato animale","-nessuno-","Agglomerato sferico irregolare di ossa, pelle e squame. Emette una debole aura magica, percepibile solo dagli Arcanisti.",,"2025-02-13 16:45:22","nascosto"
"747","Criphora","ingrediente","derivato animale","C","Insieme di resti derivati da creature marine. 
Non hai mai visto prima questo ingrediente. Solo se sei un Conciaio, capisci che tre di questi cartellini possono sostituire l’ingrediente Squama. Se usato singolarmente è inutile.",,"2025-02-21 11:23:22","nascosto"
"748","Serlino","ingrediente","alimentare","C","Un cereale morbido e dalla forma piccola e tondeggiante. 
Non hai mai visto prima questo ingrediente. Solo se sei un Cuoco, capisci che tre di questi cartellini possono sostituire l’ingrediente Cereali. Se usato singolarmente è inutile.",,"2025-02-21 11:23:41","nascosto"
"749","Noria","ingrediente","alimentare","NC","Un’alga d’acqua dolce dal sapore delicato ma corposo. 
Non hai mai visto prima questo ingrediente. Solo se sei un Cuoco, capisci che tre di questi cartellini possono sostituire l’ingrediente Pesce Selvatico. Se usato singolarmente è inutile.",,"2025-02-21 11:24:43","nascosto"
"750","Uovo di quagliotta","ingrediente","alimentare","NC","Un uovo, ma è piccolissimo e maculato di azzurro. 
Non hai mai visto prima questo ingrediente. Solo se sei un Cuoco, capisci che tre di questi cartellini possono sostituire l’ingrediente Uovo. Se usato singolarmente è inutile.",,"2025-02-21 11:25:20","nascosto"
"751","Broska","ingrediente","alimentare","C","Sembra una radice croccante. 
Non hai mai visto prima questo ingrediente. Solo se sei un Cuoco, capisci che tre di questi cartellini possono sostituire l’ingrediente Patate. Se usato singolarmente è inutile.",,"2025-02-21 11:25:53","nascosto"
"752","Pardrino","ingrediente","derivato animale","NC","Un cuoio spesso e nervato. 
Non hai mai visto prima questo ingrediente. Solo se sei un Conciaio, capisci che tre di questi cartellini possono sostituire l’ingrediente Cuoio Bollito. Se usato singolarmente è inutile.",,"2025-02-21 11:30:09","nascosto"
"753","Viridiana","ingrediente","gemme","NC","Una pietra verde traslucida, resiste bene ai graffi. 
Non hai mai visto prima questo ingrediente. Solo se sei un Gioielliere, capisci che tre di questi cartellini possono sostituire l’ingrediente Giada. Se usato singolarmente è inutile.",,"2025-02-21 11:30:45","nascosto"
"754","Thrantio","ingrediente","minerali","C","Un minerale di colore argento-blu. 
Non hai mai visto prima questo ingrediente. Solo se sei un Armaiolo, capisci che tre di questi cartellini possono sostituire l’ingrediente Stagno. Se usato singolarmente è inutile.",,"2025-02-21 11:31:13","nascosto"
"755","Griverio","ingrediente","edilizia","C","Una corteccia elastica. 
Non hai mai visto prima questo ingrediente. Solo se sei un Carpentiere, capisci che tre di questi cartellini possono sostituire l’ingrediente Legno Comune. Se usato singolarmente è inutile.",,"2025-02-21 11:31:47","nascosto"
"756","Astrella","ingrediente","erba officinale","C","Una pianta rampicante con foglie che rilasciano gocce oleose. 
Non hai mai visto prima questo ingrediente. Solo se sei un Farmacologo, capisci che tre di questi cartellini possono sostituire l’ingrediente Parietaria. Se usato singolarmente è inutile.",,"2025-02-21 11:32:08","nascosto"
"757","Fola","ingrediente","edilizia","C","Una resina ricavata da un arbusto esotico. 
Non hai mai visto prima questo ingrediente. Solo se sei un Carpentiere, capisci che tre di questi cartellini possono sostituire l’ingrediente Corda. Se usato singolarmente è inutile.",,"2025-02-21 11:32:15","nascosto"
"758","Biviena","ingrediente","erba","C","Un'erba dal fusto duro e fibroso. 
Non hai mai visto prima questo ingrediente. Solo se sei un Alchimista, capisci che tre di questi cartellini possono sostituire l’ingrediente Valeriana. Se usato singolarmente è inutile.",,"2025-02-21 11:32:22","nascosto"
"759","Rotenio","ingrediente","minerali","C","Un metallo leggero, dai riflessi rossicci. 
Non hai mai visto prima questo ingrediente. Solo se sei un Armaiolo, capisci che tre di questi cartellini possono sostituire l’ingrediente Acciaio Comune. Se usato singolarmente è inutile.",,"2025-02-21 11:32:31","nascosto"
"760","Sarvona","ingrediente","erba officinale","C","Un’erba dalle radici potenti. 
Non hai mai visto prima questo ingrediente. Solo se sei un Farmacologo, capisci che tre di questi cartellini possono sostituire l’ingrediente Felce Femmina. Se usato singolarmente è inutile.",,"2025-02-21 11:32:39","nascosto"
"761","Salsapariglia","ingrediente","erba","C","Un'erba dalla superficie brillante e lucida, ha un profumo leggero e piacevole. 
Non hai mai visto prima questo ingrediente. Solo se sei un Alchimista, capisci che tre di questi cartellini possono sostituire l’ingrediente Cardo. Se usato singolarmente è inutile.",,"2025-02-21 11:32:44","nascosto"
"762","Vocalite","ingrediente","gemme","C","Una gemma di colore rosso-nero, che ha una lucentezza intensa simile al sangue. 
Non hai mai visto prima questo ingrediente. Solo se sei un Gioielliere, capisci che tre di questi cartellini possono sostituire l’ingrediente Granato. Se usato singolarmente è inutile.",,"2025-02-21 11:36:01","nascosto"
"763","Zhyterite","ingrediente","gemme","C","Una pietra azzurra trasparente che riflette leggermente la luce. 
Non hai mai visto prima questo ingrediente. Solo se sei un Gioielliere, capisci che tre di questi cartellini possono sostituire l’ingrediente Fluorite. Se usato singolarmente è inutile.",,"2025-02-21 11:36:03","nascosto"
"764","Bascaro","ingrediente","edilizia","NC","Una pietra grigia-bluastra, molto compatta. 
Non hai mai visto prima questo ingrediente. Solo se sei un Carpentiere, capisci che tre di questi cartellini possono sostituire l’ingrediente Pietra Liscia. Se usato singolarmente è inutile.",,"2025-02-21 11:37:13","nascosto"
"766","Frasculo","ingrediente","erba","NC","Un fiore dai petali rigidi che si sfaldano se immersi in liquidi acidi. 
Non hai mai visto prima questo ingrediente. Solo se sei un Alchimista, capisci che tre di questi cartellini possono sostituire l’ingrediente Iperico. Se usato singolarmente è inutile.",,"2025-02-21 11:37:18","nascosto"
"767","Salvurnia","ingrediente","erba officinale","NC","Un’erba dalle foglie argentee. 
Non hai mai visto prima questo ingrediente. Solo se sei un Farmacologo, capisci che tre di questi cartellini possono sostituire l’ingrediente Arnica. Se usato singolarmente è inutile.",,"2025-02-21 11:37:20","nascosto"
"768","Grisocite","ingrediente","minerali","NC","Un ferro scuro e denso, più resistente della media. 
Non hai mai visto prima questo ingrediente. Solo se sei un Armaiolo, capisci che tre di questi cartellini possono sostituire l’ingrediente Ferro Puro. Se usato singolarmente è inutile.",,"2025-02-21 11:37:22","nascosto"
"769","Solferio","ingrediente","minerali","NC","Un minerale dai riflessi verdognoli che sembra non ossidarsi mai. 
Non hai mai visto prima questo ingrediente. Solo se sei un Armaiolo, capisci che tre di questi cartellini possono sostituire l’ingrediente Zelemio. Se usato singolarmente è inutile.",,"2025-02-21 11:37:25","nascosto"
"770","Ghiandite","ingrediente","gemme","NC","Un cristallo marrone dorato, la cui superficie liscia e cangiante ricorda una ghianda lucidata. 
Non hai mai visto prima questo ingrediente. Solo se sei un Gioielliere, capisci che tre di questi cartellini possono sostituire l’ingrediente Agata. Se usato singolarmente è inutile.",,"2025-02-21 11:37:27","nascosto"
"771","Tamarisia","ingrediente","erba officinale","NC","Un’erba con foglie ruvide. 
Non hai mai visto prima questo ingrediente. Solo se sei un Farmacologo, capisci che tre di questi cartellini possono sostituire l’ingrediente Malva. Se usato singolarmente è inutile.",,"2025-02-21 11:37:29","nascosto"
"772","Arganite","ingrediente","edilizia","NC","Un metallo dalla superficie granulosa. 
Non hai mai visto prima questo ingrediente. Solo se sei un Carpentiere, capisci che tre di questi cartellini possono sostituire l’ingrediente Ardesia. Se usato singolarmente è inutile.",,"2025-02-21 11:37:31","nascosto"
"773","Tramusia","ingrediente","derivato animale","NC","Un pellame morbido con una superficie liscia e setosa. 
Non hai mai visto prima questo ingrediente. Solo se sei un Conciaio, capisci che tre di questi cartellini possono sostituire l’ingrediente Alpachia. Se usato singolarmente è inutile.",,"2025-02-21 11:37:33","nascosto"
"774","Muscarza","ingrediente","erba","NC","Un muschio che cresce solo sulla sommità di rocce umide. 
Non hai mai visto prima questo ingrediente. Solo se sei un Alchimista, capisci che tre di questi cartellini possono sostituire l’ingrediente Solimania. Se usato singolarmente è inutile.",,"2025-02-21 11:37:43","nascosto"
"775","Tanossia","ingrediente","derivato animale","C","Una pelle di un grande predatore, dal pelo ispido e resistente. 
Non hai mai visto prima questo ingrediente. Solo se sei un Conciaio, capisci che tre di questi cartellini possono sostituire l’ingrediente Pelle Conciata. Se usato singolarmente è inutile.",,"2025-02-21 11:42:41","nascosto"
"776","Seta di Khymeris","ingrediente","derivato animale","R","Seta molto bella, dallo spessore molto grosso. Non è sicuramente stata fatta da un ragno normale.",,"2025-03-25 11:31:46","nascosto"
"777","Istinto Umano","speciale",,"-nessuno-","Questo cartellino è ATTIVO solo fintanto che il PG di RAZZA: UMANO è all’esterno dell’Utopia (= fuori dall’accampamento). Quando la chiamata GUARIGIONE ti fa uscire dallo stato di SANGUINANTE, invece di subire il minuto di DEBOLEZZA subisci CONFUSIONE tempo 1 minuto.",,"2025-03-25 11:57:07","nascosto"
"778","Istinto Orchesco","speciale",,"-nessuno-","Questo cartellino è ATTIVO solo fintanto che il PG di RAZZA: ORCO è all’esterno dell’Utopia (= fuori dall’accampamento). Quando la chiamata GUARIGIONE ti fa uscire dallo stato di SANGUINANTE, invece di subire il minuto di DEBOLEZZA subisci AGGRO! verso chi ti ha guarito.",,"2025-03-25 11:57:23","nascosto"
"779","Istinto Elfico","speciale",,"-nessuno-","Questo cartellino è ATTIVO solo fintanto che il PG di RAZZA: ELFO è all’esterno dell’Utopia (= fuori dall’accampamento). Quando la chiamata GUARIGIONE ti fa uscire dallo stato di SANGUINANTE, invece di subire il minuto di DEBOLEZZA subisci TERRORE! verso chi ti ha guarito.",,"2025-03-25 11:57:37","nascosto"
"780","Istinto Furoride","speciale",,"-nessuno-","Questo cartellino è ATTIVO solo fintanto che il PG di RAZZA: FURORE è all’esterno dell’Utopia (= fuori dall’accampamento). Quando la chiamata GUARIGIONE ti fa uscire dallo stato di SANGUINANTE, invece di subire il minuto di DEBOLEZZA subisci FURIA!",,"2025-03-25 11:58:49","nascosto"
"781","Istinto Sirenide","speciale",,"-nessuno-","Questo cartellino è ATTIVO solo fintanto che il PG di RAZZA: SIRENIDE è all’esterno dell’Utopia (= fuori dall’accampamento). Quando la chiamata GUARIGIONE ti fa uscire dallo stato di SANGUINANTE, invece di subire il minuto di DEBOLEZZA subisci SILENZIO! tempo 5 minuti.",,"2025-03-25 11:59:01","nascosto"
"782","Istinto Volpino","speciale",,"-nessuno-","Questo cartellino è ATTIVO solo fintanto che il PG di RAZZA: VOLPIDE è all’esterno dell’Utopia (= fuori dall’accampamento). Quando la chiamata GUARIGIONE ti fa uscire dallo stato di SANGUINANTE, invece di subire il minuto di DEBOLEZZA subisci CHARME! verso chi ti ha guarito.",,"2025-03-25 11:59:16","nascosto"
"783","Istinto Nanico","speciale",,"-nessuno-","Questo cartellino è ATTIVO solo fintanto che il PG di RAZZA: NANO è all’esterno dell’Utopia (= fuori dall’accampamento). Quando la chiamata GUARIGIONE ti fa uscire dallo stato di SANGUINANTE, invece di subire il minuto di DEBOLEZZA subisci A TERRA tempo 1 minuto.",,"2025-03-25 11:59:28","nascosto"
"784","Nictofobia","malattia",,"-nessuno-","Il PG mostra una paura irragionevole nei confronti degli oggetti specifici: BUIO. La paura provata  è palesemente sproporzionata al pericolo reale. Ogni volta che uno o più oggetti della Fobia cadono sotto la percezione dei sensi del PG ed è da solo, esso subisce ARTEFATTO PARALISI. Subire di nuovo la chiamata non fa rimanere nello stesso INCONTRO.

Se si vuole interagire con la malattia, chiamare il Master Giacomo.",,"2025-03-26 15:53:04","nascosto"
"785","Birra di Erun","tonico da battaglia",,"-nessuno-","Una buona pinta di Birra creata da Erun. Il PG che la possiede può usare in maniera cumulativa questo cartellino nell'arco della giornata, sorseggiando fino a tre volte il contenuto a partire dal primo effetto. Solo il PG che usufruisce del primo SORSO può subire gli effetti dello stesso e dei sorsi successivi: altri PG che utilizzino questo cartellino non ne usufruiranno. Se il PG ha usufruito di tutti e tre i sorsi, il cartellino va strappato. Se a fine giornata è stato utilizzato almeno un sorso, il cartellino va strappato. 
SORSO 1. Il PG che la beve può dichiarare IMMUNE al primo proiettile da arma da fuoco, freccia, arma da lancio, etc. da bersaglio singolo. Le magie non sono proiettili. 
SORSO 2. Il PG subisce CONFUSIONE TEMPO 1 MINUTO.
SORSO 3.  Vai in Aula Staff e chiedi del Master Seba o del Master Jack.",,"2025-04-22 09:29:10","nascosto"
"786","Fungo urticante","-nessuno-","trappola","-nessuno-","Strappa questo cartellino quando hai finito di leggerlo. Sembrava commestibile, appena lo tocchi rilascia un liquido denso e caustico. Subisci la chiamata FUOCO alla mano (o alle mani) con cui stai toccando il cartellino.",,"2025-04-23 09:14:05","nascosto"
"787","Foglia urticante","-nessuno-","trappola","-nessuno-","Strappa questo cartellino quando hai finito di leggerlo. Sembrava una foglia normale, in realtà inizi a sentire pizzicore alle mani. Devi simulare un forte prurito alle mani per un minuto e subisci la chiamata DISARMO TEMPO 1 MINUTO.",,"2025-04-23 09:14:15","nascosto"
"788","Dannata radice","-nessuno-","trappola","-nessuno-","Strappa questo cartellino quando hai finito di leggerlo. Hai messo il piede in fallo in una radice scambiando una foglia inutile per una risorsa. Subisci la chiamata A TERRA.",,"2025-04-23 09:14:49","nascosto"
"789","Pianta spora","-nessuno-","trappola","-nessuno-","Strappa questo cartellino quando hai finito di leggerlo. Sembrava una pianta interessante, in realtà appena la tocchi rilascia spore allucinogene. Subisci la chiamata POSSESSIONE TEMPO 1 MINUTO: “Vedi il cielo fuxia, l’acqua verde e le persone blu: i colori sono tutti invertiti”",,"2025-04-23 09:14:52","nascosto"
"790","Rampicante appiccicoso","-nessuno-","trappola","-nessuno-","Strappa questo cartellino quando hai finito di leggerlo. Sembrava una pianta utile, in realtà secerne resina appiccicosa. Devi simulare di rimanere attaccato per un minuto a questo oggetto con la mano (o con le mani) con cui l’hai toccato e non puoi liberartene in alcun modo se non allo scadere del tempo, né impugnare alcunché.",,"2025-04-23 09:14:55","nascosto"
"791","Frutto gonfio","-nessuno-","trappola","-nessuno-","Strappa questo cartellino quando hai finito di leggerlo. Sembrava un bel frutto, in realtà lo senti vibrare e poi lo vedi esplodere in una nube di spore: subisci la chiamata CECITA’ TEMPO 1 MINUTO.",,"2025-04-23 09:14:57","nascosto"
"792","Muschio soffocante","-nessuno-","trappola","-nessuno-","Strappa questo cartellino quando hai finito di leggerlo. Sembrava una pianta utile, in realtà appena la tocchi rilascia un odore che ti fa mancare il respiro per alcuni secondi. Subisci la chiamata SILENZIO.",,"2025-04-23 09:14:59","nascosto"
"793","Ramoscello spezzato","-nessuno-","trappola","-nessuno-","Strappa questo cartellino quando hai finito di leggerlo. Sembrava un ramo con qualche gemma, ma è irto di spine. Subisci la chiamata CHOP alla mano (o alle mani) con cui stai toccando questo cartellino, e poi subisci la chiamata VELENO DOLORE.",,"2025-04-23 09:17:13","nascosto"
"794","Ninnolini","-nessuno-","trappola","-nessuno-","Strappa questo cartellino quando hai finito di leggerlo. Sembravano dei funghi chiodini, perfetti da fare trifolati, ma appena li tocchi rilasciano una nube di spore soporifere. Subisci la chiamata VELENO SONNO.",,"2025-04-23 09:17:17","nascosto"
"795","Finta bacca","-nessuno-","trappola","-nessuno-","Strappa questo cartellino quando hai finito di leggerlo. Sembrava una bacca, in realtà è una sacca di uova di ragno che si schiude e i piccoli ti brulicano velocemente addosso. Subisci la chiamata TERRORE.",,"2025-04-23 09:17:22","nascosto"
"796","Insetto mimetico","-nessuno-","trappola","-nessuno-","Strappa questo cartellino quando hai finito di leggerlo. Sembrava una foglia, ma in realtà è un insetto che ti morde. Subisci CHOP alla mano (o alle mani) con cui stai toccando questo cartellino.",,"2025-04-23 09:17:24","nascosto"
"797","Corteccia falsa","-nessuno-","trappola","-nessuno-","Strappa questo cartellino quando hai finito di leggerlo. Hai preso questa corteccia convinto che potesse essere utile, ma la abita una piccola colonia di formiche rosse. Subisci la chiamata FUOCO FUOCO alla mano (o alle mani) con cui stai toccando questo cartellino, e poi subisci la chiamata VELENO DOLORE.",,"2025-04-23 09:17:26","nascosto"
"798","Ceppo cavo","-nessuno-","trappola","-nessuno-","Strappa questo cartellino quando hai finito di leggerlo. Hai infilato la mano dove non dovevi, un insetto ti punge. Subisci la chiamata CHOP alla mano (o alle mani) con cui stai toccando questo cartellino, e poi subisci la chiamata VELENO CONFUSIONE.",,"2025-04-23 09:17:28","nascosto"
"799","Sporcino","-nessuno-","trappola","-nessuno-","Strappa questo cartellino quando hai finito di leggerlo. Sembrava un fungo perfetto per un risotto, ma appena lo tocchi rilascia delle spore velenose. Subisci la chiamata A TERRA e per il minuto successivo provi un forte senso di perdita di equilibrio, non riesci a muoverti dritto o da solo.",,"2025-04-23 09:17:30","nascosto"
"801","Guanti da presa","oggetto","mercati generali","C","Permettono di dichiarare IMMUNE alla chiamata DISARMO una volta a incontro.",,"2025-04-28 09:41:48","nascosto"
"802","Cintura Lazzarina (INATTIVO)","speciale",,"-nessuno-","ARTEFATTO. Una grossa cintura di cuoio con intarsi in metallo, trasmette un'immagine di possanza.",,"2025-04-28 13:39:33","nascosto"
"803","Cintura Lazzarina (ATTIVO)","speciale",,"-nessuno-","ARTEFATTO. Una grossa cintura di cuoio con intarsi in metallo, trasmette un'immagine di possanza.
Puoi attivarla e sfruttarne i benefici una volta al giorno. Per attivarla devi esibirti per cinque secondi dando dimostrazione della tua prestanza fisica.
Fino alla fine dell'incontro non puoi usufruire delle tue abilità riguardanti Armature Leggere, Medie e Pesanti e derivate, compresi gli oggetti. Guadagni 5PF a ogni locazione. Sei IMMUNE a FRATTURA e ad A TERRA.",,"2025-04-28 13:44:34","nascosto"
"804","Martello della Stirpe","oggetto",,"-nessuno-","Questo martello dichiara BLAM. Se sei di razza Orco, puoi dichiarare CRASH una volta ad incontro.",,"2025-04-28 16:07:06","nascosto"
"805","Briciole","-nessuno-",,"-nessuno-","Ciò che resta di un pezzo di pane",,"2025-04-28 16:08:56","nascosto"
"806","Seme misterioso","oggetto",,"-nessuno-","Un seme grosso, occupa un palmo. Chissà cosa ne verrà fuori, se piantato.
Per interagirci, contattare Master Alessia.",,"2025-04-28 16:11:07","nascosto"
"807","Uovo di pietra","oggetto",,"-nessuno-","Questo grosso sasso è INAMOVIBILE: è estremamente pesante e neanche un plotone potrebbe sollevarlo. SOLO chi possiede l'abilità APPRENDISTA ARMAIOLO o APPRENDISTA GIOIELLIERE può facilmente accorgersi che la superficie presenta aggregati minerali e piccole schegge di gemme.",,"2025-04-28 16:19:43","nascosto"
"808","Micetto","speciale",,"-nessuno-","[PET] Piccolo gattino dal pelo corto e arruffato. Ha orecchie spelacchiate, zampette agili e grandi occhioni color ambra. 
Se conquistato con pazienza (o cibo) si dimostra affettuoso e coccolone. È ancora piccolo, quindi alterna lunghi momenti di sonno, grandi mangiate e momenti di attività intensa.",,"2025-04-29 10:44:02","nascosto"
"809","Mani vuote, cuore pieno","speciale",,"-nessuno-","Hai fatto voto di povertà e trovi ricchezza nella generosità. Una volta a evento, puoi offrire volontariamente un oggetto di gioco a un altro PG in modo sincero, senza chiedere nulla in cambio. Quando lo fai, scegli un effetto da applicare tra i seguenti tre come dono a quel PG: PACE (ottiene forza mentale: per il resto del giorno dichiara IMMUNE a TERRORE), oppure RESISTENZA (ottiene forza morale: per il resto del giorno, quando subisce DOLORE dichiara CONVERTO e subisce al suo posto ARTEFATTO CECITA' ), oppure MEMORIA (ottiene chiarezza mentale: subisce NEUTRALIZZA AMNESIA su un'AMNESIA ricevuta nello stesso evento).",,"2025-04-29 11:33:00","nascosto"
"812","Benedizione del Silenzio di Eva","speciale",,"-nessuno-","Questa benedizione emana un'aura ultraterrena: puoi dichiarare IMMUNE a SINCERITA'.",,"2025-04-29 16:17:29","nascosto"
"813","Botanofobia","malattia",,"-nessuno-","Il PG mostra una paura irragionevole nei confronti dell'oggetto specifico: PIANTE GROSSE E COLORATE. La paura provata  è palesemente sproporzionata al pericolo reale. Ogni volta che uno o più oggetti della Fobia cadono sotto la percezione dei sensi del PG ed è da solo, esso subisce ARTEFATTO TERRORE. Subire di nuovo la chiamata non fa rimanere nello stesso INCONTRO.

Se si vuole interagire con la malattia, chiamare il Master Giacomo.",,"2025-04-29 16:21:24","nascosto"
"814","Abilità speciale - Resistenza","speciale",,"-nessuno-","I tuoi PF aumentano di 1 fino alla fine dell'evento.",,"2025-04-29 16:26:06","nascosto"
"815","Abilità speciale - Forza","speciale",,"-nessuno-","Puoi dichiarare CRITICO una volta ad incontro fino alla fine dell'evento.",,"2025-04-29 16:26:12","nascosto"
"816","Abilità speciale - Destrezza","speciale",,"-nessuno-","Puoi dichiarare IMMUNE al primo colpo che subiresti durante un incontro fino alla fine dell'evento.",,"2025-04-29 16:27:03","nascosto"
"817","Lucchetto a combinazione","oggetto",,"-nessuno-","Questo lucchetto non ha un'entrata per delle chiavi. 
L'abilità SCASSINATORE non può aiutare ad aprirlo. 
L'unico modo sembra quello di trovare il codice numerico.",,"2025-04-29 16:36:18","nascosto"
"818","Cucciolo marino","oggetto",,"-nessuno-","[PET] Un cucciolo di creatura proveniente dal mare con lunghi tentacoli appiccicosi. Ogni tanto dà gittate di inchiostro a chi non gli garba troppo.",,"2025-04-29 16:37:22","nascosto"
"819","Pietra enorme","oggetto",,"-nessuno-",,,"2025-04-29 16:45:16","nascosto"
"820","Accetta da taglialegna","oggetto",,"-nessuno-",,,"2025-04-29 16:45:25","nascosto"
"821","Fiore selvatico","oggetto",,"-nessuno-","Piccolo fiore con cinque petali azzurri sottili e allungati, leggermente ondulati. Il centro è giallo pallido. Cresce su uno stelo dritto, alto circa un palmo, e ha delle belle foglie verdi.
Se strofinato le foglie assumono un riflesso verdolino molto lieve.",,"2025-04-30 14:55:57","nascosto"
"822","Pianta Carnivora - Dedrantula Antropophagus","speciale",,"-nessuno-","[PET] Pianta di medie dimensioni, di 25-30cm. Le sue foglie sono simili a mandibole verdi e violacee che si aprono e chiudono con scatti rapidi: le spine che ricordano dei denti possono essere lesive. Presenta delle piccole gemme simili a quelle dei fiori sulla sommità, che celano dotti utili a spargere spore. Una serie di liane sensoriali si estende dal fusto principale: le usa per esplorare i dintorni, per comunicare e per ancorarsi. Quando nessuna di queste funzioni è in corso, tende ad avvolgerne una attorno al polso della PG ""Dedra Morgantis"". Necessita di essere nutrita con carne o simili almeno una volta al giorno. Per nutrirla o interagirci, contattare Master Alessia.",,"2025-06-18 10:14:50","nascosto"
"823","Vesti semplici","oggetto","mercati generali","C","Questi abiti conferiscono +1 PA a chi li indossa.",,"2025-06-24 09:29:40","nascosto"
"824","Armatura di cuoio duro","oggetto","mercati generali","C","Armatura media. 
Proprietà: incantabile.",,"2025-06-24 09:30:15","nascosto"
"825","Veste teatrale","oggetto","mercati generali","C","Chi indossa questa veste riduce il tempo dell’abilità PERFORMANCE di un minuto.",,"2025-06-24 09:31:08","nascosto"
"826","Veste da mago","oggetto","mercati generali","NC","Permette ad un incantatore di avere  +1 PA. Fintanto che indossa questa veste, non può indossare altre vesti o armature.",,"2025-06-24 09:34:46","nascosto"
"827","DONO DEL VELHO - ANATEMIUM","speciale",,"-nessuno-","Il Velho ti ha guardato e tu gli hai sorriso. 
[BONUS] MARCHIO DELLA SUPERBIA. ""Hai avuto il privilegio di essere riconosciuto come inferiore"". 
Quando sentirai la chiamata ""ATTIVAZIONE DONI DEL VELHO! POSSESSIONE"" dovrai seguire le indicazioni che ti darà il Master.",,"2025-07-04 13:19:01","nascosto"
"828","DONO DEL VELHO - ANATEMIUM","speciale",,"-nessuno-","Il Velho ti ha guardato e tu gli hai sorriso. 
[BONUS] REALTA' DISTORTA - ""Quel che creo non deve essere per forza ciò che vedi"". 
Quando sentirai la chiamata ""ATTIVAZIONE DONI DEL VELHO! POSSESSIONE"" dovrai seguire le indicazioni che ti darà il Master.",,"2025-07-04 13:19:18","nascosto"
"829","DONO DEL VELHO - ANATEMIUM","speciale",,"-nessuno-","Il Velho ti ha guardato e tu gli hai sorriso. 
[BONUS] VOLONTA' SILENTE. ""Chi ti sente pronunciare la parola proibita non può più colpirti, anche se lo desidera"". 
Quando sentirai la chiamata ""ATTIVAZIONE DONI DEL VELHO! POSSESSIONE"" dovrai seguire le indicazioni che ti darà il Master.",,"2025-07-04 13:19:21","nascosto"
"830","DONO DEL VELHO - ANATEMIUM","speciale",,"-nessuno-","Il Velho ti ha guardato e tu gli hai sorriso. 
[BONUS] EMPIETA' - ""Puoi richiamare la mia forza, se ne pagherai il prezzo"". 
Quando sentirai la chiamata ""ATTIVAZIONE DONI DEL VELHO! POSSESSIONE"" dovrai seguire le indicazioni che ti darà il Master.",,"2025-07-04 13:19:23","nascosto"
"831","DONO DEL VELHO - ANATEMIUM","speciale",,"-nessuno-","Il Velho ti ha guardato e tu gli hai sorriso. 
[BONUS] MARCHIO DELLO STUDIOSO. ""Il potere non si raggiunge senza sacrifici"". 
Quando sentirai la chiamata ""ATTIVAZIONE DONI DEL VELHO! POSSESSIONE"" dovrai seguire le indicazioni che ti darà il Master.",,"2025-07-04 13:19:25","nascosto"
"832","DONO DEL VELHO - ANATEMIUM","speciale",,"-nessuno-","Il Velho ti ha guardato e tu gli hai sorriso. 
[BONUS] LINGUA DEL VELHO - ""La tua voce è dolce come la promessa di una lama, gli altri la seguono prima di accorgersene"".  
Quando sentirai la chiamata ""ATTIVAZIONE DONI DEL VELHO! POSSESSIONE"" dovrai seguire le indicazioni che ti darà il Master.",,"2025-07-04 13:19:28","nascosto"
"833","GABBIA DI CONTENIMENTO ARCANA","oggetto",,"-nessuno-","Struttura imponente a base ottagonale, composta da montanti squadrati e superfici trasparenti sigillate con cura. Appare come una prigione massiccia e ben solida. Necessita di quattro persone per essere trasportata.",,"2025-07-09 13:49:39","nascosto"
"834","STRUTTURA DI ANCORAGGIO","oggetto",,"-nessuno-","Ossatura robusta dal disegno geometrico, con segmenti spessi e collegamenti angolati visibili. Dà l’impressione di una base totemica, progettata per restare immobile anche in mezzo al caos più assoluto. Necessita di tre persone per essere trasportata.",,"2025-07-09 13:49:58","nascosto"
"835","CHIAVARDE DI BLOCCO","oggetto",,"-nessuno-","Serie di perni metallici di varia forma: dritti, a scatto e a gancio, tutti rifiniti con precisione. Le superfici sono lucide e le teste presentano filettature, agganci o anelli di sicurezza. Sono fatte per sigillare qualcosa che non si vuole si muova più. Una volta assemblate, la struttura su cui è fissata diventerà INAMOVIBILE.",,"2025-07-09 13:50:14","nascosto"
"836","CINGHIE DI CONTENIMENTO","oggetto",,"-nessuno-","Fasce doppie intrecciate con uno strato interno più rigido e uno esterno più flessibile. Le estremità sono dotate di fibbie metalliche e cuciture robuste. Appaiono come muscoli tesi pronti a contenere una forza invisibile. Per posizionarle servono almeno due persone.",,"2025-07-09 13:50:27","nascosto"
"837","FLACONE DI FILTRO ARCANO","oggetto",,"-nessuno-","Piccola ampolla in vetro trasparente contenente un liquido iridescente. Il fluido ha riflessi opalescenti e può cambiare colore e consistenza al movimento o alla luce. Se chi lo maneggia ha l’abilità CURIOSO, subisce la chiamata ARTEFATTO COMA.",,"2025-07-09 13:50:40","nascosto"
"838","CRISTALLI DI RILASCIO","oggetto",,"-nessuno-","Cristalli levigati e simmetrici incastonati su basi d’argento lavorato. Ogni cristallo è fissabile e orientabile grazie a piccoli perni, disposti in simmetria attorno alla base. Possono essere assemblati solo da un Gioielliere o da chi possiede i relativi strumenti di precisione.",,"2025-07-09 13:50:53","nascosto"
"839","Libretto dei Canti","oggetto",,"-nessuno-","Piccolo libro decisamente usurato, ma ancora leggibile. Contiene dei canti tradizionali.",,"2025-07-09 14:19:25","nascosto"
"840","Pagina strappata","oggetto",,"-nessuno-","Sembra la pagina strappata di un vecchio libricino usurato. Si riescono a leggere pezzetti di canti tradizionali.",,"2025-07-09 14:20:03","nascosto"
"841","Collana d'argento ingioiellata","oggetto","prezioso","-nessuno-","Prezioso monile in argento con tre gemme incastonate. Sul medaglione vi è la lettera ""C"" incisa.",,"2025-07-09 14:33:30","nascosto"
"842","Anello di famiglia","oggetto",,"-nessuno-","Anello in argento con incise le lettere S.F.",,"2025-07-09 14:36:14","nascosto"
"843","Passepartout delle Miniere","oggetto",,"-nessuno-","Questa chiave apre qualsiasi miniera.",,"2025-07-11 09:43:29","nascosto"
"844","Chiave della Miniera","oggetto",,"-nessuno-","Questa chiave apre la Miniera del Bruco Ubriaco.",,"2025-07-11 09:44:21","nascosto"
"845","Chiave della Miniera","oggetto",,"-nessuno-","Questa chiave apre la Miniera Luna Storta.",,"2025-07-11 09:44:28","nascosto"
"846","Chiave della Miniera","oggetto",,"-nessuno-","Questa chiave apre la Miniera del Tuono.",,"2025-07-11 09:44:35","nascosto"
"847","Tubercolosi","malattia",,"R","SINTOMI: Tosse.

Il PG è impossibilitato a pronunciare le parole in modo chiaro o senza interromperle: si è impossibilitati a castare magie, invocare divinità, celebrare rituali e in generale usare abilità che richiedano l’uso della parola per un tempo definito. 

Se non viene trattata entro la fine della giornata, chiamare un master.",,"2025-07-11 10:20:29","nascosto"
"848","Tubercolosi - Stadio 2","malattia",,"R","SINTOMI: Tosse con tracce di sangue, febbriciattola.

Il PG è impossibilitato a pronunciare le parole in modo chiaro o senza interromperle: si è impossibilitati a castare magie, invocare divinità, celebrare rituali e in generale usare abilità che richiedano l’uso della parola per un tempo definito. 

Se non viene trattata entro la fine dell’evento successivo, chiamare un master.",,"2025-07-11 10:21:01","nascosto"
"850","Costellazione - Orca","speciale",,"-nessuno-","[Acqua] Solo chi appartiene a STJARNOR e ha l’abilità RITUALISTA può riconoscere la Costellazione che queste cicatrici formano e se è completa o incompleta. Quando viene ATTIVATA perdi tutti gli effetti di ispirazioni, droghe, tonici e altri bonus temporanei attivi, e non puoi guadagnarne altri. Puoi usare il BONUS una sola volta durante l'evento, e alla fine dell'evento si spegne in ogni caso. Dopo aver usato il BONUS la Costellazione si spegne e subisci la chiamata ARTEFATTO DOLORE, quindi applichi il MALUS. 
[BONUS] Infliggendo il primo colpo per proteggere un altro membro di Stjarnor, puoi dichiarare DIRETTO CONFUSIONE [MALUS] Per il resto della giornata, non puoi aiutare, curare o cooperare con chi non consideri parte di Stjarnor.",,"2025-07-15 15:07:12","nascosto"
"859","Costellazione - Giaguaro","speciale",,"-nessuno-","[Fuoco] Solo chi appartiene a STJARNOR e ha l’abilità RITUALISTA può riconoscere la Costellazione che queste cicatrici formano e se è completa o incompleta. Quando viene ATTIVATA perdi tutti gli effetti di ispirazioni, droghe, tonici e altri bonus temporanei attivi, e non puoi guadagnarne altri. Puoi usare il BONUS una sola volta durante l'evento, e alla fine dell'evento si spegne in ogni caso. Dopo aver usato il BONUS la Costellazione si spegne e subisci la chiamata ARTEFATTO DOLORE, quindi applichi il MALUS. 
[BONUS] Con dieci secondi di dialogo e atteggiamenti esuberanti, puoi attirare l'attenzione di un altro personaggio su di te e dichiarare POSSESSIONE: TI OBBLIGO A COMBATTERMI [MALUS] Per il resto della giornata, ogni volta che inizi a spiegare un concetto complesso subisci ARTEFATTO SILENZIO TEMPO 1 MINUTO.",,"2025-07-15 15:10:02","nascosto"
"862","Costellazione - Coccodrillo","speciale",,"-nessuno-","[Acqua] Solo chi appartiene a STJARNOR e ha l’abilità RITUALISTA può riconoscere la Costellazione che queste cicatrici formano e se è completa o incompleta. Quando viene ATTIVATA perdi tutti gli effetti di ispirazioni, droghe, tonici e altri bonus temporanei attivi, e non puoi guadagnarne altri. Puoi usare il BONUS una sola volta durante l'evento, e alla fine dell'evento si spegne in ogni caso. Dopo aver usato il BONUS la Costellazione si spegne e subisci la chiamata ARTEFATTO DOLORE, quindi applichi il MALUS. 
[BONUS] Quando sei in stato SANGUINANTE e dovresti passare allo stato di MORENTE, subisci invece la chiamata GUARIGIONE [MALUS] Per il resto della giornata, se sei in vantaggio fisico o mentale su qualcuno, sei obbligato a mostrare la tua dominanza in maniera fisica o verbale, umiliandolo, anche quando sarebbe il caso di fermarsi.",,"2025-07-15 15:10:09","nascosto"
"864","Costellazione - Formica","speciale",,"-nessuno-","[Terra] Solo chi appartiene a STJARNOR e ha l’abilità RITUALISTA può riconoscere la Costellazione che queste cicatrici formano e se è completa o incompleta. Quando viene ATTIVATA perdi tutti gli effetti di ispirazioni, droghe, tonici e altri bonus temporanei attivi, e non puoi guadagnarne altri. Puoi usare il BONUS una sola volta durante l'evento, e alla fine dell'evento si spegne in ogni caso. Dopo aver usato il BONUS la Costellazione si spegne e subisci la chiamata ARTEFATTO DOLORE, quindi applichi il MALUS. 
[BONUS] Anche se stai impugnando qualcosa, puoi chiudere le braccia innanzi a te a X per dichiarare IMMUNE a una qualsiasi chiamata di danno da mischia o da distanza [MALUS] Per il resto della giornata, i PF delle tue braccia scendono a un massimale di 1PF, non possono essere aumentati né ripristinati da abilità, oggetti, magie, invocazioni o altro.",,"2025-07-15 15:12:02","nascosto"
"866","Costellazione - Pinguino","speciale",,"-nessuno-","[Aria] Solo chi appartiene a STJARNOR e ha l’abilità RITUALISTA può riconoscere la Costellazione che queste cicatrici formano e se è completa o incompleta. Quando viene ATTIVATA perdi tutti gli effetti di ispirazioni, droghe, tonici e altri bonus temporanei attivi, e non puoi guadagnarne altri. Puoi usare il BONUS una sola volta durante l'evento, e alla fine dell'evento si spegne in ogni caso. Dopo aver usato il BONUS la Costellazione si spegne e subisci la chiamata ARTEFATTO DOLORE, quindi applichi il MALUS. 
[BONUS] Puoi dichiarare IMMUNE a una chiamata portata con arma, incantesimo o ad area, e poi simulare un movimento atto a schivarlo [MALUS] Per il resto della giornata, subisci ARTEFATTO CONFUSIONE alla fine di ogni incontro.",,"2025-07-15 15:12:53","nascosto"
"867","Costellazione - Medusa","speciale",,"-nessuno-","[Acqua] Solo chi appartiene a STJARNOR e ha l’abilità RITUALISTA può riconoscere la Costellazione che queste cicatrici formano e se è completa o incompleta. Quando viene ATTIVATA perdi tutti gli effetti di ispirazioni, droghe, tonici e altri bonus temporanei attivi, e non puoi guadagnarne altri. Puoi usare il BONUS una sola volta durante l'evento, e alla fine dell'evento si spegne in ogni caso. Dopo aver usato il BONUS la Costellazione si spegne e subisci la chiamata ARTEFATTO DOLORE, quindi applichi il MALUS. 
[BONUS] Puoi recarti in Aula Staff per porre una ed una sola domanda su un ambito specifico tra: Creazionismo, o Magia, o Sacralità. La risposta può giungere oppure no [MALUS] Per il resto della giornata, mescoli ciò che è importante con ciò che non lo è: ogni indizio e parola ti sembra fondamentale, non riesci a schierarti e non sarai il primo a prendere una decisione.",,"2025-07-15 15:12:55","nascosto"
"875","Costellazione - Arpia","speciale",,"-nessuno-","[Aria]  Solo chi appartiene a STJARNOR e ha l’abilità RITUALISTA può riconoscere la Costellazione che queste cicatrici formano e se è completa o incompleta. Quando viene ATTIVATA perdi tutti gli effetti di ispirazioni, droghe, tonici e altri bonus temporanei attivi, e non puoi guadagnarne altri. Puoi usare il BONUS una sola volta durante l'evento, e alla fine dell'evento si spegne in ogni caso. Dopo aver usato il BONUS la Costellazione si spegne e subisci la chiamata ARTEFATTO DOLORE, quindi applichi il MALUS. 
[BONUS] Puoi dichiarare IMMUNE a una chiamata portata con arma, incantesimo o ad area, e poi simulare un movimento atto a schivarlo [MALUS] Per il resto della giornata, subisci ARTEFATTO CONFUSIONE alla fine di ogni incontro.",,"2025-07-15 15:13:16","nascosto"
"881","Costellazione - Airone","speciale",,"-nessuno-","[Aria] Solo chi appartiene a STJARNOR e ha l’abilità RITUALISTA può riconoscere la Costellazione che queste cicatrici formano e se è completa o incompleta. Quando viene ATTIVATA perdi tutti gli effetti di ispirazioni, droghe, tonici e altri bonus temporanei attivi, e non puoi guadagnarne altri. Puoi usare il BONUS una sola volta durante l'evento, e alla fine dell'evento si spegne in ogni caso. Dopo aver usato il BONUS la Costellazione si spegne e subisci la chiamata ARTEFATTO DOLORE, quindi applichi il MALUS. 
[BONUS] Puoi dichiarare NEUTRALIZZA ad una chiamata di effetto che sarebbe stata riservata a un PG di Stjarnor che stai proteggendo e che rispetti profondamente. [MALUS] Per il resto della giornata, se vedi che quel PG subisce una chiamata mentale, subisci la stessa chiamata come ARTEFATTO.",,"2025-07-15 15:14:14","nascosto"
"885","Costellazione - Bisonte","speciale",,"-nessuno-","[Terra] Solo chi appartiene a STJARNOR e ha l’abilità RITUALISTA può riconoscere la Costellazione che queste cicatrici formano e se è completa o incompleta. Quando viene ATTIVATA perdi tutti gli effetti di ispirazioni, droghe, tonici e altri bonus temporanei attivi, e non puoi guadagnarne altri. Puoi usare il BONUS una sola volta durante l'evento, e alla fine dell'evento si spegne in ogni caso. Dopo aver usato il BONUS la Costellazione si spegne e subisci la chiamata ARTEFATTO DOLORE, quindi applichi il MALUS. 
[BONUS] Anche se stai impugnando qualcosa, puoi chiudere le braccia innanzi a te a X per dichiarare IMMUNE a una qualsiasi chiamata di danno da mischia o da distanza [MALUS] Per il resto della giornata, i PF delle tue braccia scendono a un massimale di 1PF, non possono essere aumentati né ripristinati da abilità, oggetti, magie, invocazioni o altro.",,"2025-07-15 15:30:40","nascosto"
"886","Costellazione - Camaleonte","speciale",,"-nessuno-","[Terra] Solo chi appartiene a STJARNOR e ha l’abilità RITUALISTA può riconoscere la Costellazione che queste cicatrici formano e se è completa o incompleta. Quando viene ATTIVATA perdi tutti gli effetti di ispirazioni, droghe, tonici e altri bonus temporanei attivi, e non puoi guadagnarne altri. Puoi usare il BONUS una sola volta durante l'evento, e alla fine dell'evento si spegne in ogni caso. Dopo aver usato il BONUS la Costellazione si spegne e subisci la chiamata ARTEFATTO DOLORE, quindi applichi il MALUS. 
[BONUS] Puoi usare l'abilità NASCONDERSI 1 come se l'avessi. Se la possiedi già, la puoi usare come NASCONDERSI 2 [MALUS] Per il resto della giornata, se ti viene offerta l'opportunità di cambiare lato, strategia o ruolo, sei vincolato a rifiutare anche se questa scelta ti danneggia.",,"2025-07-15 15:30:42","nascosto"
"894","Costellazione - Ghiottone","speciale",,"-nessuno-","[Fuoco] Solo chi appartiene a STJARNOR e ha l’abilità RITUALISTA può riconoscere la Costellazione che queste cicatrici formano e se è completa o incompleta. Quando viene ATTIVATA perdi tutti gli effetti di ispirazioni, droghe, tonici e altri bonus temporanei attivi, e non puoi guadagnarne altri. Puoi usare il BONUS una sola volta durante l'evento, e alla fine dell'evento si spegne in ogni caso. Dopo aver usato il BONUS la Costellazione si spegne e subisci la chiamata ARTEFATTO DOLORE, quindi applichi il MALUS. 
[BONUS] Se resti vicino ad almeno altri due PG di Stjarnor per un incontro, potete essere IMMUNI a una chiamata per tutto l'incontro. [MALUS] Per il resto della giornata, alla fine di ogni incontro subisci la chiamata ARTEFATTO SILENZIO e devi stare da solo per almeno cinque minuti, scacciando chi ti si avvicina ed evitandolo.",,"2025-07-15 15:31:00","nascosto"
"898","Costellazione - Lucciola","speciale",,"-nessuno-","[Fuoco] Solo chi appartiene a STJARNOR e ha l’abilità RITUALISTA può riconoscere la Costellazione che queste cicatrici formano e se è completa o incompleta. Quando viene ATTIVATA perdi tutti gli effetti di ispirazioni, droghe, tonici e altri bonus temporanei attivi, e non puoi guadagnarne altri. Puoi usare il BONUS una sola volta durante l'evento, e alla fine dell'evento si spegne in ogni caso. Dopo aver usato il BONUS la Costellazione si spegne e subisci la chiamata ARTEFATTO DOLORE, quindi applichi il MALUS. 
[BONUS] Dopo un discorso di almeno 10 secondi che invita a non cedere, puoi dare +3PF temporanei fino alla fine del prossimo incontro a tre bersagli diversi di Stjarnor. Questi PF non sono recuperabili in alcun modo [MALUS] Per il resto della giornata, se ti trovi da solo o qualcuno ti parla sopra, subisci ARTEFATTO PARALISI.",,"2025-07-15 15:31:10","nascosto"
"899","Costellazione - Lupo","speciale",,"-nessuno-","[Terra] Solo chi appartiene a STJARNOR e ha l’abilità RITUALISTA può riconoscere la Costellazione che queste cicatrici formano e se è completa o incompleta. Quando viene ATTIVATA perdi tutti gli effetti di ispirazioni, droghe, tonici e altri bonus temporanei attivi, e non puoi guadagnarne altri. Puoi usare il BONUS una sola volta durante l'evento, e alla fine dell'evento si spegne in ogni caso. Dopo aver usato il BONUS la Costellazione si spegne e subisci la chiamata ARTEFATTO DOLORE, quindi applichi il MALUS. 
[BONUS] Dopo che un compagno di Stjarnor al tuo fianco ha subito una chiamata X, puoi dichiarare NEUTRALIZZA X su di lui e subire ARTEFATTO X al suo posto. [MALUS] Per il resto della giornata, quando vedi un alleato di Stjarnor venir mandato in stato SANGUINANTE, subisci ARTEFATTO AGGRO dalla fonte che lo ha mandato in quello stato.",,"2025-07-15 15:31:12","nascosto"
"907","Costellazione - Rondine","speciale",,"-nessuno-","[Aria] Solo chi appartiene a STJARNOR e ha l’abilità RITUALISTA può riconoscere la Costellazione che queste cicatrici formano e se è completa o incompleta. Quando viene ATTIVATA perdi tutti gli effetti di ispirazioni, droghe, tonici e altri bonus temporanei attivi, e non puoi guadagnarne altri. Puoi usare il BONUS una sola volta durante l'evento, e alla fine dell'evento si spegne in ogni caso. Dopo aver usato il BONUS la Costellazione si spegne e subisci la chiamata ARTEFATTO DOLORE, quindi applichi il MALUS. 
[BONUS] Puoi dichiarare IMMUNE a una chiamata portata con arma, incantesimo o ad area, e poi simulare un movimento atto a schivarlo [MALUS] Per il resto della giornata, subisci ARTEFATTO CONFUSIONE alla fine di ogni incontro.",,"2025-07-15 15:31:30","nascosto"
"910","Costellazione - Storione","speciale",,"-nessuno-","[Acqua] Solo chi appartiene a STJARNOR e ha l’abilità RITUALISTA può riconoscere la Costellazione che queste cicatrici formano e se è completa o incompleta. Quando viene ATTIVATA perdi tutti gli effetti di ispirazioni, droghe, tonici e altri bonus temporanei attivi, e non puoi guadagnarne altri. Puoi usare il BONUS una sola volta durante l'evento, e alla fine dell'evento si spegne in ogni caso. Dopo aver usato il BONUS la Costellazione si spegne e subisci la chiamata ARTEFATTO DOLORE, quindi applichi il MALUS. 
[BONUS] Puoi decidere per un intero incontro di subire DIRETTO come ARTEFATTO CRITICO, oppure di subire CRITICO come ARTEFATTO CHOP [MALUS] Per il resto della giornata, ogni volta che inizia uno scontro con un gruppo di nemici devi rimanere fermo e indeciso per 30 secondi prima di agire, sopraffatto dalle possibili conseguenze.",,"2025-07-15 15:31:36","nascosto"
"913","Costellazione - Tigre Bianca","speciale",,"-nessuno-","[Fuoco] Solo chi appartiene a STJARNOR e ha l’abilità RITUALISTA può riconoscere la Costellazione che queste cicatrici formano e se è completa o incompleta. Quando viene ATTIVATA perdi tutti gli effetti di ispirazioni, droghe, tonici e altri bonus temporanei attivi, e non puoi guadagnarne altri. Puoi usare il BONUS una sola volta durante l'evento, e alla fine dell'evento si spegne in ogni caso. Dopo aver usato il BONUS la Costellazione si spegne e subisci la chiamata ARTEFATTO DOLORE, quindi applichi il MALUS. 
[BONUS] Puoi dichiarare IMMUNE a tua scelta ad una ed una sola chiamata tra CHARME, COMANDO o POSSESSIONE [MALUS] Per il resto della giornata, se qualcuno ti disonora o ti ferisce, subisci la chiamata ARTEFATTO COMANDO: VENDICATI nei confronti di chi ti ha disonorato o ferito.",,"2025-07-15 15:31:43","nascosto"
"915","Costellazione - Ariete","speciale",,"-nessuno-","[Terra] Solo chi appartiene a STJARNOR e ha l’abilità RITUALISTA può riconoscere la Costellazione che queste cicatrici formano e se è completa o incompleta. Quando viene ATTIVATA perdi tutti gli effetti di ispirazioni, droghe, tonici e altri bonus temporanei attivi, e non puoi guadagnarne altri. Puoi usare il BONUS una sola volta durante l'evento, e alla fine dell'evento si spegne in ogni caso. Dopo aver usato il BONUS la Costellazione si spegne e subisci la chiamata ARTEFATTO DOLORE, quindi applichi il MALUS. 
[BONUS] Puoi metterti a difesa totale di un membro di Stjarnor che consideri facente parte della tua famiglia: guadagni 5PF temporanei fino alla fine dell'incontro. Non sono recuperabili [MALUS] Per il resto della giornata, se qualcuno minaccia chi hai protetto subisci ARTEFATTO AGGRO da quella fonte.",,"2025-07-16 10:47:07","nascosto"
"919","Costellazione - Cavallo","speciale",,"-nessuno-","[Fuoco] Solo chi appartiene a STJARNOR e ha l’abilità RITUALISTA può riconoscere la Costellazione che queste cicatrici formano e se è completa o incompleta. Quando viene ATTIVATA perdi tutti gli effetti di ispirazioni, droghe, tonici e altri bonus temporanei attivi, e non puoi guadagnarne altri. Puoi usare il BONUS una sola volta durante l'evento, e alla fine dell'evento si spegne in ogni caso. Dopo aver usato il BONUS la Costellazione si spegne e subisci la chiamata ARTEFATTO DOLORE, quindi applichi il MALUS. 
[BONUS] Per un intero incontro puoi dichiarare IMMUNE ad una e una sola chiamata tra TERRORE, PARALISI, SONNO o INTRALCIARE a tua scelta [MALUS] Per il resto della giornata, ogni volta che subisci una chiamata mentale subisci anche ARTEFATTO TERRORE abbinato a quella chiamata.",,"2025-07-16 10:47:15","nascosto"
"920","Costellazione - Civetta","speciale",,"-nessuno-","[Aria] Solo chi appartiene a STJARNOR e ha l’abilità RITUALISTA può riconoscere la Costellazione che queste cicatrici formano e se è completa o incompleta. Quando viene ATTIVATA perdi tutti gli effetti di ispirazioni, droghe, tonici e altri bonus temporanei attivi, e non puoi guadagnarne altri. Puoi usare il BONUS una sola volta durante l'evento, e alla fine dell'evento si spegne in ogni caso. Dopo aver usato il BONUS la Costellazione si spegne e subisci la chiamata ARTEFATTO DOLORE, quindi applichi il MALUS. 
[BONUS] Se subisci una chiamata di effetto, puoi decidere di applicarla 10 secondi dopo. In quei 10 secondi, puoi comunque agire normalmente [MALUS] Per il resto della giornata, devi sempre eseguire le azioni con un lieve ritardo, come se la tua mente fosse rallentata dal peso di troppe opzioni.",,"2025-07-16 10:47:18","nascosto"
"922","Costellazione - Colibrì","speciale",,"-nessuno-","[Aria] Solo chi appartiene a STJARNOR e ha l’abilità RITUALISTA può riconoscere la Costellazione che queste cicatrici formano e se è completa o incompleta. Quando viene ATTIVATA perdi tutti gli effetti di ispirazioni, droghe, tonici e altri bonus temporanei attivi, e non puoi guadagnarne altri. Puoi usare il BONUS una sola volta durante l'evento, e alla fine dell'evento si spegne in ogni caso. Dopo aver usato il BONUS la Costellazione si spegne e subisci la chiamata ARTEFATTO DOLORE, quindi applichi il MALUS. 
[BONUS] Puoi scegliere di dichiarare NEUTRALIZZA X per un intero incontro, dove X è una ed una sola chiamata a scelta tra: PARALISI, DOLORE, CONFUSIONE o TERRORE.  [MALUS] Per il resto della giornata, quando subisci una chiamata di danno qualsiasi dichiari CONVERTO e subisci al suo posto ARTEFATTO DIRETTO al tronco.",,"2025-07-16 10:47:23","nascosto"
"923","Costellazione - Corvo","speciale",,"-nessuno-","[Aria] Solo chi appartiene a STJARNOR e ha l’abilità RITUALISTA può riconoscere la Costellazione che queste cicatrici formano e se è completa o incompleta. Quando viene ATTIVATA perdi tutti gli effetti di ispirazioni, droghe, tonici e altri bonus temporanei attivi, e non puoi guadagnarne altri. Puoi usare il BONUS una sola volta durante l'evento, e alla fine dell'evento si spegne in ogni caso. Dopo aver usato il BONUS la Costellazione si spegne e subisci la chiamata ARTEFATTO DOLORE, quindi applichi il MALUS. 
[BONUS] Puoi recarti in Aula Staff e mostrare questo cartellino per chiedere ad un Master una visione criptica riguardo le condizioni di un personaggio che conosci [MALUS] Per il resto della giornata sei ansioso e paranoico, e non puoi prendere decisioni importanti.",,"2025-07-16 10:47:25","nascosto"
"924","Costellazione - Coyote","speciale",,"-nessuno-","[Terra] Solo chi appartiene a STJARNOR e ha l’abilità RITUALISTA può riconoscere la Costellazione che queste cicatrici formano e se è completa o incompleta. Quando viene ATTIVATA perdi tutti gli effetti di ispirazioni, droghe, tonici e altri bonus temporanei attivi, e non puoi guadagnarne altri. Puoi usare il BONUS una sola volta durante l'evento, e alla fine dell'evento si spegne in ogni caso. Dopo aver usato il BONUS la Costellazione si spegne e subisci la chiamata ARTEFATTO DOLORE, quindi applichi il MALUS. 
[BONUS] Se tu o un tuo compagno di Stjarnor che vedi entro dieci metri subite COMANDO, puoi dichiarare IMMUNE e metterti a ridere sguaiatamente, per poi dichiarare NEUTRALIZZA COMANDO IN QUEST'AREA [MALUS] Per il resto della giornata, devi agire impulsivamente (ad esempio attaccare a caso, distrarti, andartene mentre parlano, rovesciare cose, etc.).",,"2025-07-16 10:47:28","nascosto"
"928","Costellazione - Iguana","speciale",,"-nessuno-","[Acqua] Solo chi appartiene a STJARNOR e ha l’abilità RITUALISTA può riconoscere la Costellazione che queste cicatrici formano e se è completa o incompleta. Quando viene ATTIVATA perdi tutti gli effetti di ispirazioni, droghe, tonici e altri bonus temporanei attivi, e non puoi guadagnarne altri. Puoi usare il BONUS una sola volta durante l'evento, e alla fine dell'evento si spegne in ogni caso. Dopo aver usato il BONUS la Costellazione si spegne e subisci la chiamata ARTEFATTO DOLORE, quindi applichi il MALUS. 
[BONUS] Puoi scegliere di ignorare gli effetti negativi di una zona AREA SPECIALE per dieci minuti [MALUS] Per il resto della giornata, se non vi sono combattimenti per cinque minuti perdi interesse negli stessi, e non puoi iniziare per primo un incontro con chiamate derivanti da armi, magia o potere sacro.",,"2025-07-16 10:47:37","nascosto"
"929","Costellazione - Lince","speciale",,"-nessuno-","[Fuoco] Solo chi appartiene a STJARNOR e ha l’abilità RITUALISTA può riconoscere la Costellazione che queste cicatrici formano e se è completa o incompleta. Quando viene ATTIVATA perdi tutti gli effetti di ispirazioni, droghe, tonici e altri bonus temporanei attivi, e non puoi guadagnarne altri. Puoi usare il BONUS una sola volta durante l'evento, e alla fine dell'evento si spegne in ogni caso. Dopo aver usato il BONUS la Costellazione si spegne e subisci la chiamata ARTEFATTO DOLORE, quindi applichi il MALUS. 
[BONUS] Se resti vicino ad almeno altri due PG di Stjarnor per un incontro, potete essere IMMUNI a una chiamata per tutto l'incontro. [MALUS] Per il resto della giornata, alla fine di ogni incontro subisci la chiamata ARTEFATTO SILENZIO e devi stare da solo per almeno cinque minuti, scacciando chi ti si avvicina ed evitandolo.",,"2025-07-16 10:47:39","nascosto"
"932","Costellazione - Mantide","speciale",,"-nessuno-","[Acqua] Solo chi appartiene a STJARNOR e ha l’abilità RITUALISTA può riconoscere la Costellazione che queste cicatrici formano e se è completa o incompleta. Quando viene ATTIVATA perdi tutti gli effetti di ispirazioni, droghe, tonici e altri bonus temporanei attivi, e non puoi guadagnarne altri. Puoi usare il BONUS una sola volta durante l'evento, e alla fine dell'evento si spegne in ogni caso. Dopo aver usato il BONUS la Costellazione si spegne e subisci la chiamata ARTEFATTO DOLORE, quindi applichi il MALUS. 
[BONUS] Puoi recarti in Aula Staff per porre una ed una sola domanda su un ambito specifico tra: Creazionismo, o Magia, o Sacralità. La risposta può giungere oppure no [MALUS] Per il resto della giornata, mescoli ciò che è importante con ciò che non lo è: ogni indizio e parola ti sembra fondamentale, non riesci a schierarti e non sarai il primo a prendere una decisione.",,"2025-07-16 10:47:46","nascosto"
"934","Costellazione - Narvalo","speciale",,"-nessuno-","[Acqua] Solo chi appartiene a STJARNOR e ha l’abilità RITUALISTA può riconoscere la Costellazione che queste cicatrici formano e se è completa o incompleta. Quando viene ATTIVATA perdi tutti gli effetti di ispirazioni, droghe, tonici e altri bonus temporanei attivi, e non puoi guadagnarne altri. Puoi usare il BONUS una sola volta durante l'evento, e alla fine dell'evento si spegne in ogni caso. Dopo aver usato il BONUS la Costellazione si spegne e subisci la chiamata ARTEFATTO DOLORE, quindi applichi il MALUS. 
[BONUS] Puoi recarti in Aula Staff per porre una ed una sola domanda su un ambito specifico tra: Creazionismo, o Magia, o Sacralità. La risposta può giungere oppure no [MALUS] Per il resto della giornata, mescoli ciò che è importante con ciò che non lo è: ogni indizio e parola ti sembra fondamentale, non riesci a schierarti e non sarai il primo a prendere una decisione.",,"2025-07-16 10:47:50","nascosto"
"937","Costellazione - Pipistrello","speciale",,"-nessuno-","[Aria] Solo chi appartiene a STJARNOR e ha l’abilità RITUALISTA può riconoscere la Costellazione che queste cicatrici formano e se è completa o incompleta. Quando viene ATTIVATA perdi tutti gli effetti di ispirazioni, droghe, tonici e altri bonus temporanei attivi, e non puoi guadagnarne altri. Puoi usare il BONUS una sola volta durante l'evento, e alla fine dell'evento si spegne in ogni caso. Dopo aver usato il BONUS la Costellazione si spegne e subisci la chiamata ARTEFATTO DOLORE, quindi applichi il MALUS. 
[BONUS] Puoi dichiarare IMMUNE a una chiamata portata con arma, incantesimo o ad area, e poi simulare un movimento atto a schivarlo [MALUS] Per il resto della giornata, subisci ARTEFATTO CONFUSIONE alla fine di ogni incontro.",,"2025-07-16 10:47:58","nascosto"
"938","Costellazione - Ragno","speciale",,"-nessuno-","[Fuoco] Solo chi appartiene a STJARNOR e ha l’abilità RITUALISTA può riconoscere la Costellazione che queste cicatrici formano e se è completa o incompleta. Quando viene ATTIVATA perdi tutti gli effetti di ispirazioni, droghe, tonici e altri bonus temporanei attivi, e non puoi guadagnarne altri. Puoi usare il BONUS una sola volta durante l'evento, e alla fine dell'evento si spegne in ogni caso. Dopo aver usato il BONUS la Costellazione si spegne e subisci la chiamata ARTEFATTO DOLORE, quindi applichi il MALUS. 
[BONUS] Se resti vicino ad almeno altri due PG di Stjarnor per un incontro, potete essere IMMUNI a una chiamata per tutto l'incontro. [MALUS] Per il resto della giornata, alla fine di ogni incontro subisci la chiamata ARTEFATTO SILENZIO e devi stare da solo per almeno cinque minuti, scacciando chi ti si avvicina ed evitandolo.",,"2025-07-16 10:48:00","nascosto"
"940","Costellazione - Salamandra","speciale",,"-nessuno-","[Fuoco] Solo chi appartiene a STJARNOR e ha l’abilità RITUALISTA può riconoscere la Costellazione che queste cicatrici formano e se è completa o incompleta. Quando viene ATTIVATA perdi tutti gli effetti di ispirazioni, droghe, tonici e altri bonus temporanei attivi, e non puoi guadagnarne altri. Puoi usare il BONUS una sola volta durante l'evento, e alla fine dell'evento si spegne in ogni caso. Dopo aver usato il BONUS la Costellazione si spegne e subisci la chiamata ARTEFATTO DOLORE, quindi applichi il MALUS. 
[BONUS] Se resti vicino ad almeno altri due PG di Stjarnor per un incontro, potete essere IMMUNI a una chiamata per tutto l'incontro. [MALUS] Per il resto della giornata, alla fine di ogni incontro subisci la chiamata ARTEFATTO SILENZIO e devi stare da solo per almeno cinque minuti, scacciando chi ti si avvicina ed evitandolo.",,"2025-07-16 10:48:05","nascosto"
"941","Costellazione - Scorpione","speciale",,"-nessuno-","[Terra] Solo chi appartiene a STJARNOR e ha l’abilità RITUALISTA può riconoscere la Costellazione che queste cicatrici formano e se è completa o incompleta. Quando viene ATTIVATA perdi tutti gli effetti di ispirazioni, droghe, tonici e altri bonus temporanei attivi, e non puoi guadagnarne altri. Puoi usare il BONUS una sola volta durante l'evento, e alla fine dell'evento si spegne in ogni caso. Dopo aver usato il BONUS la Costellazione si spegne e subisci la chiamata ARTEFATTO DOLORE, quindi applichi il MALUS. 
[BONUS] Anche se stai impugnando qualcosa, puoi chiudere le braccia innanzi a te a X per dichiarare IMMUNE a una qualsiasi chiamata di danno da mischia o da distanza [MALUS] Per il resto della giornata, i PF delle tue braccia scendono a un massimale di 1PF, non possono essere aumentati né ripristinati da abilità, oggetti, magie, invocazioni o altro.",,"2025-07-16 10:48:07","nascosto"
"943","Costellazione - Talpa","speciale",,"-nessuno-","[Terra] Solo chi appartiene a STJARNOR e ha l’abilità RITUALISTA può riconoscere la Costellazione che queste cicatrici formano e se è completa o incompleta. Quando viene ATTIVATA perdi tutti gli effetti di ispirazioni, droghe, tonici e altri bonus temporanei attivi, e non puoi guadagnarne altri. Puoi usare il BONUS una sola volta durante l'evento, e alla fine dell'evento si spegne in ogni caso. Dopo aver usato il BONUS la Costellazione si spegne e subisci la chiamata ARTEFATTO DOLORE, quindi applichi il MALUS. 
[BONUS] Anche se stai impugnando qualcosa, puoi chiudere le braccia innanzi a te a X per dichiarare IMMUNE a una qualsiasi chiamata di danno da mischia o da distanza [MALUS] Per il resto della giornata, i PF delle tue braccia scendono a un massimale di 1PF, non possono essere aumentati né ripristinati da abilità, oggetti, magie, invocazioni o altro.",,"2025-07-16 10:48:11","nascosto"
"944","Costellazione - Tartaruga","speciale",,"-nessuno-","[Acqua] Solo chi appartiene a STJARNOR e ha l’abilità RITUALISTA può riconoscere la Costellazione che queste cicatrici formano e se è completa o incompleta. Quando viene ATTIVATA perdi tutti gli effetti di ispirazioni, droghe, tonici e altri bonus temporanei attivi, e non puoi guadagnarne altri. Puoi usare il BONUS una sola volta durante l'evento, e alla fine dell'evento si spegne in ogni caso. Dopo aver usato il BONUS la Costellazione si spegne e subisci la chiamata ARTEFATTO DOLORE, quindi applichi il MALUS. 
[BONUS] Puoi recarti in Aula Staff per porre una ed una sola domanda su un ambito specifico tra: Creazionismo, o Magia, o Sacralità. La risposta può giungere oppure no [MALUS] Per il resto della giornata, mescoli ciò che è importante con ciò che non lo è: ogni indizio e parola ti sembra fondamentale, non riesci a schierarti e non sarai il primo a prendere una decisione.",,"2025-07-16 10:48:14","nascosto"
"946","Anello di Salazar","oggetto",,"-nessuno-","Manufatto empio legato al culto di Salazar. Si presenta come un anello d’argento annerito, con una gemma rossa incastonata, al cui interno è inciso il motto: “Mendacium, Lux, Veritas” (Menzogna, Luce, Verità). Puoi dichiarare “Attingo alla Trama del Primo Arcano Anatemium: SONNO” toccando una persona una volta ad incontro. Quando lo fai, subisci ARTEFATTO DOLORE e perdi 1 PF al tronco. In caso di utilizzo continuativo può corrompere chi lo indossa, inducendolo all’ossessione.",,"2025-07-16 15:11:00","nascosto"
"947","Maledizione dell'Eretico","maledizione",,"-nessuno-","Hai accettato il peso dell’eresia. Finché hai questa Maledizione senti voci sussurrare nella tua mente le blasfemie più terribili che puoi immaginare, e provi un disagio costante. Ogni minuto, alternandoli, subisci CONFUSIONE, poi DOLORE, poi POSSESSIONE: UCCIDI I TUOI COMPAGNI, e poi ricominci da Cofusione. Se esci dall’ultima area o se subisci la chiamata TELETRASPORTO, l’effetto di questo cartellino termina e va riconsegnato a un Master.",,"2025-07-16 15:12:22","nascosto"
"948","Anestetico","-nessuno-",,"-nessuno-","Fa perdere sensibilità al corpo. Solo i cerusici più esperti sono in grado di usarlo.",,"2025-09-22 14:39:07","nascosto"
"949","Olio sacro","-nessuno-",,"C","Olio consacrato, pregno di una forte energia positiva. Viene utilizzato nelle messe e nei riti sacri.",,"2025-09-22 14:43:32","nascosto"
"950","Sindrome Misteriosa","speciale",,"L","Non mostrare questo cartellino se subisci DIAGNOSI. Ogni tanto interpreta uno di questi sintomi a scelta: leggero malessere o fastidio alla testa, sudorazione o affaticamento, distrazione o confusione. Per il resto agisci normalmente. Lo Staff potrebbe ordinarti azioni come se avessi subito ARTEFATTO COMANDO: devi eseguirle e il tuo PG le ricorda.
Se ricevi oggetti che riducono o curano i sintomi delle malattie, sospendi la loro interpretazione per 15 minuti.",,"2025-09-22 15:01:35","nascosto"
"951","Aiuto del cerusico","oggetto","pozione","NC","Pozione da ingestione. Il PG che la consuma subisce GUARIGIONE.",,"2025-10-10 16:55:13","nascosto"
"952","Rompicapo","oggetto",,"-nessuno-","Questo marchingegno non presenta spiragli attraverso cui possa essere forzato. Ogni ingranaggio si muove fluidamente se ben posizionato. Se lo apri, contatta Master Jack.",,"2025-10-13 11:37:35","nascosto"
"953","Bussola Antica","oggetto incantato",,"-nessuno-","Se sei il proprietario di questo oggetto, ignora le righe successive. 
Se non sei il legittimo proprietario di questo oggetto (e se hai dubbi vuol dire che non lo sei), contatta Master Jack.",,"2025-10-13 11:40:21","nascosto"
"954","Statua","oggetto",,"-nessuno-","Una semplice statua di pietra.",,"2025-10-13 11:40:45","nascosto"
"955","Forziere di pietra","oggetto incantato",,"-nessuno-","Scultura in pietra dalle sembianze di un forziere. E' pesantissima e risulta INAMOVIBILE. 
Può essere spostata e trasportata solo da entrambi i portatori delle Maschere.",,"2025-10-13 11:44:12","nascosto"
"956","Maschera del Portatore","oggetto incantato",,"-nessuno-","Una Maschera particolare. Fintanto che la indossi sei perennemente affetto dalla chiamata ARTEFATTO CECITA' e sei immune alla chiamata NEUTRALIZZA CECITA'.",,"2025-10-13 11:46:34","nascosto"
"957","Maledizione dell'Inquietudine","maledizione",,"-nessuno-","Senti il forte impulso di recarti verso il luogo della morte di Ventura. Puoi resistervi fino alle ore 22.00, poi questo cartellino si trasforma in [Maledizione dell'Urgenza]: Subisci ""COMANDO: recati sul luogo della morte di Ventura entro massimo 15 minuti"". Se non lo fai, allo scadere dei 15 minuti subisci prima ARTEFATTO COMA, dopo un minuto subisci GUARIGIONE e dopo un altro minuto subisci ARTEFATTO DEBOLEZZA.",,"2025-10-13 11:52:11","nascosto"
"958","Simbolo Sacro Spezzato","oggetto",,"-nessuno-","Questo simbolo sacro dedicato a Thalna sembra essere stato rotto a seguito di colpi ripetuti portati con molta foga.",,"2025-10-13 14:03:18","nascosto"
"959","Strumento musicale perfetto","oggetto",,"-nessuno-","Chi usa questo strumento, una volta al giorno può dichiarare CHARME dopo soli 10 secondi di esibizione.",,"2025-10-13 14:03:42","nascosto"
"960","Principio di Fine","oggetto","veleno","R","Veleno da ingestione. Può essere mescolato in cibi e bevande o consumato puro. Chi lo ingerisce subisce la chiamata COMA.",,"2025-10-13 14:09:22","nascosto"
"961","Arnesi da Tortura speciali","oggetto incantato",,"-nessuno-","Questo set di attrezzi da tortura è fatto di un materiale scuro con venature rosse. E' incantato in maniera permanente e rifulge in modo palese di energia arcana. Può essere utilizzato solo dal PG designato: [__________] e da nessun altro. Simula una scena di almeno cinque minuti in cui torturi un PG. Puoi infliggergli fino a tre volte la chiamata DOLORE, seguita da una domanda e da ""COMANDO: RISPONDI"". Il PG bersaglio della tortura non può mentire né omettere, ma può rifiutarsi di parlare: tale dettaglio è da comunicare alla vittima poco prima che si cominci la scena.",,"2025-10-13 14:52:23","nascosto"
"962","Cuore del Branco Corrotto","oggetto incantato",,"-nessuno-","Questa collana ha un pendente rosso scuro che emette una minacciosa aura arcana sanguigna. Una volta al giorno, simulando un urlo di guerra e subendo ARTEFATTO SANGUIS al tronco, puoi dichiarare TERRORE a distanza su tre bersagli. [MALEDIZIONE] Fintanto che indossi questo oggetto, ti senti costantemente osservato.",,"2025-10-13 15:04:35","nascosto"
"963","Buonanotte di Nesiè","tonico da battaglia","mercati generali","-nessuno-","Permette di dichiarare SONNO con le armi per un INCONTRO. 
ATTENZIONE: consumare un altro Tonico da battaglia annulla l'effetto di questo cartellino.",,"2025-10-13 15:15:03","nascosto"
"964","Dolce Carezza","tonico da battaglia",,"-nessuno-","Ubriaca all'istante chiunque lo beva: simula di essere ubriaco per cinque minuti.",,"2025-10-13 15:15:53","nascosto"
"965","Forza del Colosso","tonico da battaglia",,"-nessuno-","Puoi dichiarare CRITICO fino alla fine del prossimo incontro.",,"2025-10-13 15:15:56","nascosto"
"966","Panacea di Tutti i Mali","tonico da battaglia",,"-nessuno-","Chi lo ingerisce subisce NEUTRALIZZA DOLORE.",,"2025-10-13 15:15:58","nascosto"
"967","Intreccia-Lingua","tonico da battaglia",,"-nessuno-","Chi lo beve deve simulare di non riuscire a usare frasi di senso compiuto per un minuto.",,"2025-10-13 15:16:00","nascosto"
"968","Uomo Iracondo","tonico da battaglia",,"-nessuno-","Chi beve questo tonico subisce FURIA.",,"2025-10-13 15:18:55","nascosto"
"969","Inarrestabile","tonico da battaglia",,"-nessuno-","Chi beve questo tonico deve dichiarare IMMUNE alla prima chiamata che riceve nel prossimo incontro.",,"2025-10-13 15:19:01","nascosto"
"970","Il Segreto di Mordecai","tonico da battaglia",,"-nessuno-","Chi lo beve deve dichiarare IMMUNE A COMANDO per cinque minuti.",,"2025-10-13 15:19:03","nascosto"
"971","Debolezza","malattia",,"-nessuno-","Hai compiuto sforzi troppo ingenti per trasportare più cose di quante potessi, e ora sei particolarmente stanco. Puoi solo parlare e camminare a passo lento. Puoi rimuovere questa malattia subendo la chiamata ""NEUTRALIZZA DEBOLEZZA"" oppure rimanendo mezz'ora a riposo. Quando succede, riporta il cartellino a un Master.",,"2025-10-14 11:54:34","nascosto"
"972","Abilità: Sadismo","speciale",,"-nessuno-","Quando il personaggio in possesso di questo cartellino utilizza la chiamata DOLORE, quale che sia la fonte, può aggiungere il modificatore ""30 secondi"".",,"2025-10-15 14:28:18","nascosto"
"973","Chiodo d'Argento","oggetto",,"-nessuno-","Un piccolo chiodo d'argento.",,"2025-10-15 14:30:31","nascosto"
"974","Pesticida","oggetto",,"-nessuno-","Un pesticida versatile, utile contro tutto ciò che possa creare problemi alle piante.",,"2025-10-15 14:32:12","nascosto"
"975","Pappagallo Ara","speciale",,"-nessuno-","[PET] Un uccello dai colori sgargianti e allegri, in grado di ripetere i suoni umani e di comprenderne il significato. ABILITA': ""Eco delle parole"". Una volta a evento, se il pappagallo viene lasciato in volo libero (offgame per almeno 10 minuti), può tornare dal suo padrone per ripetere una breve frase che ha sentito in giro, a discrezione dello Staff.",,"2026-01-20 11:44:46","nascosto"
"976","Salva Cena","oggetto","alimentare","NC","Il personaggio che consuma questo cibo subisce “NEUTRALIZZA COMANDO”.",,"2026-02-09 10:52:12","nascosto"
"977","Bracciale del Potere","oggetto","prezioso","R","Questo bracciale intercetta il flusso magico e può immagazzinarlo temporaneamente. Chi lo indossa può bruciare un frammento arcano giallo o arancione per caricare nel bracciale un incantesimo a bersaglio singolo di 1° o 2° livello che conosce, senza subirne gli effetti. Il frammento resta consumato e non è recuperabile finché il bracciale è carico. La prossima volta che l'utilizzatore utilizza lo stesso incantesimo deve indicare un bersaglio aggiuntivo diverso dal primo. Il bracciale può contenere un solo incantesimo alla volta. Dopo la carica, l’utilizzatore non può separarsi dal bracciale finché l’incantesimo non viene utilizzato.",,"2026-02-09 11:06:49","nascosto"
"978","Specchio della Viziosa","oggetto","prezioso","R","Una volta per incontro il personaggio che indossa questa fibbia può dichiarare IMMUNE ad un danno a distanza di origine magica. Dopo che ciò è accaduto e solo nel corso dello stesso incontro, il personaggio può mimare un colpo di anca orientando la fibbia verso un bersaglio su cui può dichiarare CECITÀ’ una volta. Se la chiamata CECITÀ non viene utilizzata e l’energia raccolta non viene così scaricata, chi indossa la fibbia subisce la chiamata FUOCO al tronco alla fine dell’incontro.",,"2026-02-09 11:19:28","nascosto"
"979","Profumo Ammaliante Cadaverico","oggetto","veleno","L","Veleno spalmabile. Fino alla fine dell'INCONTRO, puoi dichiarare VELENO POSSESSIONE: ""SEI OSSESSIONATO DA ME, AGISCI A MIO VANTAGGIO, MI PROTEGGI E MI DAI SEMPRE PRIORITÀ"" ad un bersaglio una volta. Applicabile solo sulle vesti.",,"2026-02-09 15:12:28","nascosto"
"980","Armatura del Ruggito Interiore","oggetto incantato","mercati generali","R","Questa armatura media raffigura la testa di una tigre ruggente sul petto. Fintanto che la indossi, ottieni +1 PA. Una volta al giorno, permette a chi la indossa di dichiarare IMMUNE a qualsiasi chiamata mentale fino alla fine dell’incontro.",,"2026-03-09 11:59:40","nascosto"
"981","L'Incredibile Vigore","tonico da battaglia",,"-nessuno-","Aumenta il massimale di PF di chi la beve di 1 per un'ora.",,"2026-03-09 15:13:13","nascosto"
"982","Alzabandiera","tonico da battaglia",,"-nessuno-","Chi la ingerisce diventa molto eccitato e sente un impellente bisogno di accoppiarsi.",,"2026-03-09 15:13:50","nascosto"
"984","Il Distruttore di Mondi","tonico da battaglia",,"-nessuno-","Chi ingerisce questo tonico dichiara immediatamente ""Esplosione Critico"" una volta.",,"2026-03-09 15:16:17","nascosto"
"985","Pace all'Anima Sua","tonico da battaglia",,"-nessuno-","Chi ingerisce questo tonico subisce ""Neutralizza Furia"".",,"2026-03-09 15:16:48","nascosto"
"986","Il Dominatore dell'Aria","tonico da battaglia",,"-nessuno-","Chi ingerisce questo tonico ha problemi di flatulenza per un'ora.",,"2026-03-09 15:17:30","nascosto"
"987","Maschera","speciale",,"-nessuno-","Se la indossi sei immune a Charme e Aggro, ma subisci: ""Silenzio tempo 20 minuti"". Quando la togli subisci: ""Amnesia: ricordi solo di essere entrato nella stanza"".",,"2026-03-09 15:55:34","nascosto"
"988","Maschera","speciale",,"-nessuno-","Se la indossi sei immune a Comando e Aggro, ma subisci: ""Silenzio tempo 20 minuti"". Quando la togli subisci: ""Amnesia: ricordi solo di essere entrato nella stanza"".",,"2026-03-09 15:55:46","nascosto"
"989","Maschera","speciale",,"-nessuno-","Se la indossi sei immune a Charme e Comando, ma subisci: ""Silenzio tempo 20 minuti"". Quando la togli subisci: ""Amnesia: ricordi solo di essere entrato nella stanza"".",,"2026-03-09 15:56:04","nascosto"
"990","Globo della Luna di Sangue","speciale",,"-nessuno-","Utilizzabile solo dal Cavaliere della Luna. Finchè viene tenuto nella mano sinistra, chi lo impugna subisce Guarigione ogni 20 secondi.",,"2026-03-09 15:58:07","nascosto"
"991","Potere di Primo Livello - Eleftheria","speciale",,"-nessuno-","Strappa questo cartellino per utilizzare un potere di primo livello.",,"2026-03-09 16:02:32","nascosto"
"992","Pergamena Antica","speciale",,"-nessuno-","Pergamena dal vibrante potere magico. Può essere ceduta volontariamente da un membro di Eleftheria ad un altro, ma non può essere sottratta. Se vieni in possesso di questo oggetto con la forza fisica, magica, l'astuzia o il furto, oppure se non sei un membro di Eleftheria, subisci la chiamata ARTEFATTO DOLORE al tronco.",,"2026-03-09 16:04:13","nascosto"
"993","Fialetta","oggetto",,"-nessuno-","Fiala contenente un liquido denso dall'aspetto indecifrabile",,"2026-03-09 16:04:59","nascosto"
"994","Spada di Mastro Antonov","oggetto",,"-nessuno-","Spada lunga con magnifici intarsi e decorazioni. Permette di dichiarare Critico. Proprietà: incantabile.",,"2026-03-09 16:06:28","nascosto"
"995","Spada della Vera Fonte","oggetto",,"-nessuno-","Chi la usa può dichiarare ARTEFATTO EMPIO solo su Salazar e coloro che gli sono legati. Alla fine dell'incontro, se hai usato quest'arma subisci DOLORE, DOLORE, ARTEFATTO DOLORE. Corrompe l'utilizzatore.",,"2026-03-09 16:11:30","nascosto"
"996","Corona regale","oggetto","prezioso","R","Una corona fatta con metalli e gemme ricercate, degna di un Re.",,"2026-03-11 10:36:05","nascosto"
"997","Calice della Vita [ATTIVO]","speciale",,"-nessuno-","Reliquia di Thalna. 
Una volta ad evento permette di dichiarare: ESPLOSIONE GUARIGIONE IN TUTTA L'AREA DI GIOCO. Poi il potere della reliquia diventa dormiente e non può più essere utilizzata fino al prossimo evento.",,"2026-03-11 11:03:44","nascosto"
"998","Baule","speciale",,"-nessuno-","Questo baule sembra impossibile da aprire.",,"2026-03-11 11:37:51","nascosto"
"999","Passamontagna da incursione","oggetto",,"-nessuno-","Un passamontagna particolare. Se indossato concede di utilizzare l'abilità Nascondersi 1 come se la si possedesse. Se si possiedono le abilità Nascondersi 1 e Avanaguardia, permette di usare Nascondersi 2 come se la si possedesse.",,"2026-03-11 11:48:33","nascosto"
"1000","Botte","oggetto",,"-nessuno-","Una botte grossa e pesante. Se vuoi interagirci, contatta un Master.",,"2026-03-11 11:49:33","nascosto"
"1001","Pugnale Rituale","oggetto",,"-nessuno-",,,"2026-03-11 11:51:12","nascosto"
"1002","Liquido dorato","speciale","pozione","-nessuno-","Un liquido dai riflessi dorati",,"2026-03-11 13:22:23","nascosto"
"1003","Polvere nera","speciale","pozione","-nessuno-","Una polvere scura",,"2026-03-11 13:25:37","nascosto"
"1004","Decotto scuro","speciale","pozione","-nessuno-","Ha un colore scuro, è stato fatto con erbe amare",,"2026-03-11 13:26:18","nascosto"
"1005","Bevanda rossa","speciale","pozione","-nessuno-","Una bevanda rosso scuro, ha un profumo metallico.",,"2026-03-11 13:26:46","nascosto"
"1006","Liquido pallido","speciale","pozione","-nessuno-","Un liquido chiaro e lattiginoso",,"2026-03-11 13:27:17","nascosto"
"1007","Comunicatore Magico","oggetto incantato",,"-nessuno-","Oggetto di valore inestimabile. Riproduce immagini e suoni a distanza. Questo oggetto è stato legato al portatore quando è stato creato.  Pertanto non si può rubare e smette di funzionare quando si allontana dal suo portatore. Può essere ceduto solo su volontà del portatore. Può essere attivato e disattivato a distanza.",,"2026-03-11 13:53:44","nascosto"
"1008","Volontà del Re","oggetto incantato",,"-nessuno-","Questo amuleto è così intriso di potere magico che lo può percepire anche chi non ha facoltà magiche. Può essere usato solo da un appartenente alla fazione di RUGTERRA. Chi lo indossa viene investito del suo potere, permettendogli di godere dei suoi benefici assieme ad altre tre persone a sua scelta. Una volta indossato, il portatore può decidere di donarlo ad un altro membro di Rugterra all’evento successivo.",,"2026-03-11 13:59:04","nascosto"
"1009","Spada delle Fiamme","oggetto incantato","mercati generali","NC","Arma incantata. Se sei in grado di usarla, dichiari FUOCO anziché il danno che saresti in grado di fare con l'arma.",,"2026-03-11 14:01:30","nascosto"
"1010","Arco abbattente","oggetto incantato","mercati generali","R","Arma incantata. Permette di dichiarare Diretto! A terra!",,"2026-03-11 14:09:04","nascosto"
"1011","Lascito dell'Obliato","oggetto incantato","prezioso","-nessuno-","Una fede nuziale incantata in un modo sconosciuto. Utilizzabile una volta a evento, durante la notte. Se indossata dall'officiante, permette di sostituire ogni Ingrediente Non Comune con 5 Ingredienti Comuni, e ogni Ingrediente Raro con 10 Ingredienti Comuni. Gli ingredienti sostitutivi devono essere della stessa categoria degli ingredienti sostituiti.  
Alla fine del rituale, l'officiante subisce ARTEFATTO COMA. Diventa IMMUNE a STABILIZZATO e IMMUNE a GUARIGIONE per 4 minuti.",,"2026-03-11 14:18:55","nascosto"
"1012","Dolce Agonia","speciale",,"-nessuno-","Questo oggetto può essere utilizzato solo dal PNG ""Lucien"". 
Questo coltello funge anche da Focus Arcano. Una volta al giorno, permette di dichiarare TORMENTO: CHOP DOLORE.",,"2026-03-11 14:21:53","nascosto"
"1013","Monile votivo","oggetto",,"-nessuno-","Piccolo monile in avorio. Rappresenta un uomo dal volto paterno, alcuni ciocchi di legna da ardere sulle spalle.",,"2026-03-11 14:54:23","nascosto"
"1014","Monile votivo","oggetto",,"-nessuno-","Piccolo monile in avorio. Rappresenta una donna chinata su una culla, la mano tesa in una carezza.",,"2026-03-11 14:54:43","nascosto"
"1015","Monile votivo","oggetto",,"-nessuno-","Piccolo monile in avorio. Rappresenta un pargolo in fasce, il volto sereno e sorridente.",,"2026-03-11 14:55:02","nascosto"
"1016","Meccanismo in Bronzo","speciale","trappola","L","Un complesso meccanismo, la superficie ricoperta da una sottile patina verdastra. Con Disattivare Trappole 1 puoi disattivare il meccanismo dopo 3 minuti di interpretazione. Con Disattivare Trappole 2, il tempo si riduce a 1 minuto.",,"2026-03-11 14:56:45","nascosto"
"1017","Cuore d'Ossidiana","oggetto",,"-nessuno-","Pendente in argento che termina con un piccolo cuore di una pietra scura e lucida. Sul retro si vede incisa una frase: ""Mi hai rubato il cuore""",,"2026-03-11 14:57:07","nascosto"
"1018","Capretta","speciale",,"-nessuno-","[PET] Una simpatica e dispettosa capretta che tende a mangiucchiare qualsiasi foglia verde trovi nei paraggi.",,"2026-04-22 14:13:59","nascosto"
"1019","Lama della Vipera","oggetto incantato","mercati generali","R","Questo stocco ha una lama estremamente flessibile e affilata. Una volta per incontro, puoi aggiungere la chiamata DOLORE a un colpo portato con quest'arma.",,"2026-04-22 14:17:34","nascosto"
"1020","Mappa di Konrad","oggetto",,"-nessuno-","Se chi tiene la mappa ha il talento Esploratore, permette al portatore e fino a cinque persone che lo accompagnano di accedere alla zona distante ""Misterioso Boschetto"".",,"2026-04-22 14:41:57","nascosto"
"1021","Idrofobia","malattia",,"R","SINTOMI: Febbre, salivazione profusa, terrore di avvicinarsi o ingerire sostanze liquide. 

Il PG è impossibilitato a pronunciare le parole in modo chiaro o senza interromperle: si è impossibilitati a castare magie, invocare divinità, celebrare rituali e in generale usare abilità che richiedano l’uso della parola per un tempo definito.

Se non viene trattata entro la fine della giornata, chiamare master Giacomo",,"2026-04-22 14:46:07","nascosto"
"1022","Idrofobia - Stadio 2","malattia",,"R","SINTOMI: Febbre, salivazione profusa, terrore di avvicinarsi o ingerire sostanze liquide, aggressività ed ostilità. 
 
Il PG è impossibilitato a pronunciare le parole in modo chiaro o senza interromperle: si è impossibilitati a castare magie, invocare divinità, celebrare rituali e in generale usare abilità che richiedano l’uso della parola per un tempo definito.
Il PG subisce la chiamata FURIA ogni cinque minuti, e durante questa fase deve dichiarare IMMUNE a DOLORE, CONFUSIONE, CHARME, COMANDO, POSSESSIONE. Inoltre anche se disarmato, i suoi pugni dichiarano BLAM (per poterli usare deve mimare un colpo con le mani chiuse che però non colpisca effettivamente altri giocatori). 

Se non viene trattata entro un’ora, chiamare master Giacomo.",,"2026-04-22 14:46:40","nascosto"
"1023","Potere di Secondo Livello - Eleftheria","speciale",,"-nessuno-","Strappa questo cartellino per utilizzare un potere di secondo livello.",,"2026-04-22 14:58:43","nascosto"
"1024","Pagina Antica","speciale",,"-nessuno-","Se non sei di Eleftheria non percepisci questo oggetto, e quindi non ci puoi interagire. Se possiedi questo oggetto e fai parte della ciurma decantata nel poema, sei IMMUNE alla chiamata FURIA"". 
Se e quando avrete collezionato tutte e otto le pagine antiche, contatta Master Jack.",,"2026-04-22 15:01:03","nascosto"
"1025","DONO DEL VELHO 2 - ANATEMIUM","speciale",,"-nessuno-","Il Velho ti sorride, fintanto che gli sorriderai. 
[BONUS Liv.2] ALTERAZIONE DECADENTE - Una volta a evento per un intero incontro puoi sostituire con EMPIO la chiamata di danno che potresti normalmente fare con un'arma o un incantesimo. In più, UNA VOLTA SOLA da quando acquisisci questo cartellino, puoi chiamare Master Marco/Alessia per usare la seguente abilità: dopo un minuto di dialogo puoi dichiarare a un altro PG: ""POSSESSIONE: Rivelami la tua paura più grande"". 
Quando sentirai la chiamata ""ATTIVAZIONE DONI DEL VELHO! POSSESSIONE"" dovrai seguire le indicazioni che ti darà il Master.",,"2026-04-22 15:53:11","nascosto"
"1026","Anello della Nebbia Distorcente","oggetto",,"-nessuno-","Manufatto empio creato con un grande quantitativo di potere arcano, sacro e con la corruzione da parte dell'anima del suo creatore. E' intriso di un malsano potere sinistro, e su di esso è inciso il motto: ""Mendacium, Nebula, Tenebrae"". Il suo portatore può attivare il suo potere enunciando il motto inciso, che permette a lui e a tutti quelli in un raggio di due metri di diventare impercettibili a qualsiasi tipo di percezione donata ai mortali, per due ore. 
In caso di utilizzo, corrompe completamente chi lo usa, e dopo vari utilizzi può portarlo alla follia.",,"2026-04-22 15:59:00","nascosto"
"1027","Arcanelho tossica","speciale","tossine","-nessuno-","Agglomerato putrescente solido di erbe, ossa e terra. Emette una debole aura magica, percepibile solo dagli Arcanisti.",,"2026-04-23 11:03:59","nascosto"
"1028","Artiglio Insanguinato","-nessuno-",,"-nessuno-","Un artiglio particolarmente affilato, coperto di sangue scuro.",,"2026-04-23 11:19:21","nascosto"
"1029","Zanna Marcia","-nessuno-",,"-nessuno-","Un dente affilato, con residui di carne marcescente ancora attaccati.",,"2026-04-23 11:19:50","nascosto"
"1030","Pelliccia Incrostata","oggetto",,"-nessuno-","Pelliccia ispida, ricoperta da una sostanza scura e maleodorante ormai secca.",,"2026-04-23 11:20:16","nascosto"
"1031","Bomba Arcana","speciale","trappola","R","Hai preso in mano la bomba: se la passi a qualcun altro o interrompi il contatto fisico con essa in qualsiasi modo, esplode. In tal caso, dichiari ad alta voce ESPLOSIONE COMA e subisci MORTALE. Può essere disinnescata risolvendo il rompicapo, oppure con la relativa abilità.",,"2026-04-23 11:28:39","nascosto"
"1032","Braccio in Decomposizione","-nessuno-",,"-nessuno-",,,"2026-04-24 11:21:34","nascosto"
"1033","Gamba in Decomposizione","-nessuno-",,"-nessuno-",,,"2026-04-24 11:21:37","nascosto"
"1034","Torace in Decomposizione","-nessuno-",,"-nessuno-",,,"2026-04-24 11:21:39","nascosto"
"1035","Mantello dell'Uscita Drammatica","speciale",,"-nessuno-","Una volta venuto in possesso di questo oggetto, non vuoi disfartene. Un mantello logoro che costringe chi lo possiede a congedarsi dalle persone in maniera scenica.",,"2026-04-24 13:47:14","nascosto"
"1036","Candela della Verità Minore","speciale",,"-nessuno-","Una volta venuto in possesso di questo oggetto, non vuoi disfartene. Una candela che costringe chi la tiene a dire soltanto verità irrilevanti, imbarazzanti o completamente inutili.",,"2026-04-24 13:47:33","nascosto"
"1037","Sasso dell'Ultima Parola","speciale",,"-nessuno-","Una volta venuto in possesso di questo oggetto, non vuoi disfartene. Un piccolo ciottolo tiepido al tatto che spinge chi lo tiene a voler concludere ogni discussione, anche quando non ha nulla da dire.",,"2026-04-24 13:47:50","nascosto"
"1038","Campanello dell'Attimo Sbagliato","speciale",,"-nessuno-","Una volta venuto in possesso di questo oggetto, non vuoi disfartene. Un piccolo campanello d’argento che costringe il portatore a dire ""DIN"" ad alta voce ogni volta che qualcuno dice qualcosa di molto importante.",,"2026-04-24 13:48:37","nascosto"
"1039","Guanti dell'Applauso Approvante","speciale",,"-nessuno-","Una volta venuto in possesso di questo oggetto, non vuoi disfartene. Guanti di stoffa scura che costringono il portatore a battere le mani con enfasi ogni volta che qualcuno termina un discorso, una canzone o una frase detta con troppa enfasi.",,"2026-04-24 13:49:04","nascosto"
"1040","Cappello del Gran Saluto","speciale",,"-nessuno-","Una volta venuto in possesso di questo oggetto, non vuoi disfartene. Un cappello consunto che costringe chi lo porta a salutare con cortesia quando qualcuno passa vicino, anche nei momenti meno opportuni o davanti a chi si vorrebbe ignorare.",,"2026-04-24 13:49:23","nascosto"
"1041","Espositore della Tentazione","oggetto","mercati generali","NC","Un espositore finemente lavorato, che cela al suo interno l'alloggio per un oggetto piccolo. Chi tocca o solleva il contenitore quando chiuso, se non lo apre con la sua chiave, subisce la chiamata CHOP alla mano. Capacità: 1.",,"2026-04-27 14:29:06","nascosto"
"1042","Lumiaura","oggetto","rimedio","R","Cura la disfunzione erettile e permette di mantenere l'erezione a lungo. Attenzione a non assumerne troppo o l'effetto sarà troppo potente. 
Se è la terza dose che assumi, vai da Master Jack.",,"2026-04-27 14:36:30","nascosto"
"1043","Sonno del Profondo","oggetto","veleno","R","Veleno spalmabile. Fino alla fine dell’INCONTRO, il prossimo colpo che porti con un’arma devi dichiarare CONFUSIONE VELENO SONNO. Non applicabile su armi da fuoco.",,"2026-05-05 15:32:26","nascosto"
"1044","Frollini di Illirya","oggetto","alimentare","R","Devi dichiarare IMMUNE A SONNO fino alla fine del prossimo INCONTRO e ottieni +2 PF fino alla fine dell’incontro, non recuperabili tramite cure. ATTENZIONE: consumare un altro cibo elimina l’effetto di questo cartellino.",,"2026-05-05 15:35:46","nascosto"
"1045","Letargia","oggetto","pozione","R","Rompendo questa boccetta si può dichiarare ESPLOSIONE SONNO.",,"2026-05-05 15:37:42","nascosto"
"1046","Lancia","oggetto","mercati generali","NC","Permette di dichiarare CRITICO. Proprietà: incantabile.",,"2026-05-05 15:41:10","nascosto"
"1047","Spada ricercata","oggetto","mercati generali","R","Puoi dichiarare DIRETTO una volta a incontro.",,"2026-05-05 15:44:48","nascosto"
"1048","Furia di Enzo","oggetto","prezioso","R","Una volta a evento, permette di dichiarare ESPLOSIONE FURIA.",,"2026-05-06 15:45:31","nascosto"
"1049","Silenzio del Bosco","oggetto","prezioso","R","Se impiegato in un rituale in cui sia compreso Herbarium, permette di sostituire un ingrediente C, NC o R.",,"2026-05-06 15:45:56","nascosto"
"1050","Bacchetta di Sambuco","oggetto","prezioso","R","Una volta a incontro puoi dichiarare a distanza la chiamata di un incantesimo a tocco dalla Prima alla Terza Cerchia che hai sul Grimorio.",,"2026-05-06 15:46:29","nascosto"
